{"type":"FeatureCollection","name":"ec-azuay-cuenca-parroquias-conali-2024","crs":{"type":"name","properties":{"name":"urn:ogc:def:crs:OGC:1.3:CRS84"}},"metadata":{"institucion":"CONALI - Direccion de Limites Territoriales Internos, Ministerio de Gobierno del Ecuador","dataset":"Organizacion Territorial Parroquial","recurso":"MDG_OTPR_2025 (organizacion-territorial-parroquial.zip)","url":"https://www.datosabiertos.gob.ec/dataset/organizacion-territorial-parroquial","urlDescarga":"https://www.datosabiertos.gob.ec/dataset/2fd34713-51be-489c-a444-f0ec2b36dd6f/resource/fe22719f-5c0f-4d78-b6b3-d57561fd883e/download/organizacion-territorial-parroquial.zip","licencia":"Creative Commons Attribution (cc-by)","anioDPA":"2024","versionRecurso":"2025-02-20","fechaDescarga":"2026-08-24","crsOrigen":"EPSG:32717 (WGS 1984 UTM Zone 17S), declarado en el .prj del shapefile","crsSalida":"EPSG:4326 (CRS84) para renderizado","reproyeccion":"Transverse Mercator inversa sobre elipsoide WGS84. Validada: (714383,9679807) UTM -> (-79.0713,-2.8952), que cae en Cuenca","encodingDbf":"UTF-8 (declarado en .cpg y confirmado por bytes C3 91 = N con tilde)","simplificacion":{"algoritmo":"Douglas-Peucker","toleranciaMetros":30,"aplicadaEn":"EPSG:32717 antes de reproyectar","errorAreaMedio":"0.054%","errorAreaMaximo":"0.259%","nota":"La superficie de cada unidad se calculo sobre la geometria COMPLETA, no sobre la simplificada."},"cobertura":{"parroquiasRurales":21,"cabecerasCantonales":1,"parroquiasUrbanas":0,"limiteDeclarado":"La DPA nacional NO desagrega las 15 parroquias urbanas de Cuenca: existen por ordenanza municipal de 1982 y aqui aparecen agregadas en el registro CABECERA CANTONAL (010150). No hay geometria urbana individual."}},"features":[{"type":"Feature","properties":{"unidadId":"cuenca-cabecera","nombreOficial":"CUENCA","codigoDPA":"010150","codigoCanton":"0101","codigoProvincia":"01","cantonOficial":"CUENCA","provinciaOficial":"AZUAY","tipoOficial":"CABECERA CANTONAL","resolucion":"cabecera_cantonal","tipo":"urbana_agregada","anioDPA":"2024","superficieKm2":71.676,"superficieCalculadaEn":"EPSG:32717 sobre la geometria COMPLETA, antes de simplificar","puntosOriginales":14238,"puntosSimplificados":404,"verificado":true},"geometry":{"type":"Polygon","coordinates":[[[-78.98282,-2.82426],[-78.98297,-2.82477],[-78.98163,-2.82715],[-78.98167,-2.82971],[-78.9821,-2.83059],[-78.98451,-2.83274],[-78.9844,-2.83452],[-78.98309,-2.83762],[-78.98185,-2.83897],[-78.9822,-2.84378],[-78.98162,-2.84527],[-78.98105,-2.8513],[-78.97972,-2.85551],[-78.97973,-2.8572],[-78.97808,-2.86071],[-78.97735,-2.86078],[-78.97776,-2.86145],[-78.97473,-2.86958],[-78.97316,-2.87139],[-78.9724,-2.87167],[-78.97192,-2.87299],[-78.96638,-2.87677],[-78.96626,-2.87502],[-78.96555,-2.87534],[-78.96229,-2.86983],[-78.96194,-2.86838],[-78.96143,-2.86835],[-78.96136,-2.87039],[-78.96017,-2.87256],[-78.95927,-2.87277],[-78.95869,-2.87379],[-78.95839,-2.87357],[-78.95657,-2.8746],[-78.95669,-2.87499],[-78.95599,-2.87543],[-78.95623,-2.87586],[-78.95523,-2.87675],[-78.95432,-2.87651],[-78.95209,-2.87733],[-78.95056,-2.87645],[-78.94973,-2.87676],[-78.94071,-2.86552],[-78.94157,-2.86483],[-78.93906,-2.86273],[-78.93722,-2.86156],[-78.93687,-2.86175],[-78.93745,-2.86067],[-78.93687,-2.85903],[-78.93562,-2.85891],[-78.93331,-2.85678],[-78.93152,-2.85599],[-78.9308,-2.85713],[-78.92583,-2.85313],[-78.91917,-2.85016],[-78.91568,-2.84685],[-78.9081,-2.84431],[-78.90583,-2.84398],[-78.8988,-2.84479],[-78.89065,-2.84422],[-78.89031,-2.84556],[-78.88804,-2.84511],[-78.88758,-2.84566],[-78.89058,-2.84708],[-78.89058,-2.84914],[-78.89188,-2.84928],[-78.89297,-2.85039],[-78.8957,-2.85136],[-78.89633,-2.85245],[-78.89711,-2.85216],[-78.89901,-2.85258],[-78.89869,-2.85317],[-78.89933,-2.85368],[-78.89888,-2.85587],[-78.90003,-2.85666],[-78.9014,-2.85716],[-78.90198,-2.85785],[-78.90212,-2.85752],[-78.90271,-2.85762],[-78.90282,-2.85645],[-78.90348,-2.85777],[-78.9038,-2.85791],[-78.90413,-2.85729],[-78.90523,-2.85835],[-78.90673,-2.85884],[-78.90645,-2.85923],[-78.90823,-2.86001],[-78.90842,-2.85942],[-78.91104,-2.85978],[-78.91097,-2.86034],[-78.91281,-2.86083],[-78.91298,-2.86275],[-78.91487,-2.86286],[-78.9147,-2.86174],[-78.91704,-2.86153],[-78.91721,-2.863],[-78.91796,-2.86323],[-78.91915,-2.8622],[-78.91941,-2.86253],[-78.91978,-2.86216],[-78.9222,-2.86507],[-78.92316,-2.86227],[-78.92439,-2.86349],[-78.92644,-2.86395],[-78.92627,-2.86325],[-78.92687,-2.86246],[-78.92666,-2.86155],[-78.92709,-2.86073],[-78.92916,-2.86309],[-78.93236,-2.86441],[-78.93567,-2.868],[-78.94049,-2.87605],[-78.9437,-2.87919],[-78.94835,-2.88575],[-78.95376,-2.88909],[-78.96133,-2.89493],[-78.96514,-2.89843],[-78.96273,-2.90221],[-78.96203,-2.90164],[-78.96102,-2.90358],[-78.96047,-2.90353],[-78.95955,-2.90472],[-78.96103,-2.90533],[-78.96123,-2.90654],[-78.96213,-2.90758],[-78.96281,-2.90958],[-78.96362,-2.91071],[-78.96582,-2.9124],[-78.96852,-2.91199],[-78.96908,-2.91098],[-78.9722,-2.91416],[-78.97468,-2.91407],[-78.97557,-2.91469],[-78.97751,-2.91511],[-78.97792,-2.91563],[-78.97836,-2.9135],[-78.97924,-2.914],[-78.98072,-2.9132],[-78.98175,-2.91096],[-78.98139,-2.91037],[-78.98163,-2.90963],[-78.98742,-2.91562],[-78.98933,-2.9165],[-78.9887,-2.91728],[-78.99185,-2.91831],[-78.99186,-2.91965],[-78.99066,-2.91986],[-78.99168,-2.92157],[-78.99331,-2.92286],[-78.99551,-2.92324],[-78.9959,-2.92233],[-78.99674,-2.92263],[-78.99721,-2.92151],[-78.99693,-2.92077],[-79.00071,-2.92173],[-79.00481,-2.91974],[-79.00972,-2.91975],[-79.0179,-2.92105],[-79.02306,-2.92119],[-79.02978,-2.92335],[-79.03698,-2.92463],[-79.0372,-2.92564],[-79.03514,-2.92681],[-79.03505,-2.92726],[-79.0361,-2.92805],[-79.0377,-2.93259],[-79.03916,-2.93258],[-79.03998,-2.93212],[-79.03949,-2.93377],[-79.03985,-2.93549],[-79.04057,-2.93619],[-79.04388,-2.93369],[-79.0451,-2.93536],[-79.04576,-2.93496],[-79.04815,-2.93522],[-79.0491,-2.93471],[-79.05059,-2.933],[-79.05206,-2.93257],[-79.0527,-2.93067],[-79.0538,-2.93018],[-79.05582,-2.9275],[-79.05749,-2.92624],[-79.05667,-2.92564],[-79.05698,-2.92312],[-79.05728,-2.9233],[-79.05888,-2.92144],[-79.05504,-2.91791],[-79.04923,-2.9173],[-79.05025,-2.91447],[-79.04941,-2.91442],[-79.04906,-2.9105],[-79.04839,-2.90917],[-79.05177,-2.90718],[-79.05229,-2.90622],[-79.05087,-2.90395],[-79.04957,-2.90046],[-79.04774,-2.90036],[-79.04713,-2.90127],[-79.04486,-2.90268],[-79.04318,-2.903],[-79.04072,-2.90449],[-79.03967,-2.90439],[-79.0395,-2.90404],[-79.04012,-2.90383],[-79.03996,-2.90326],[-79.04033,-2.90315],[-79.03994,-2.9018],[-79.04037,-2.90164],[-79.0406,-2.90069],[-79.03942,-2.9009],[-79.03892,-2.89996],[-79.03819,-2.90019],[-79.03784,-2.89976],[-79.03883,-2.89947],[-79.03839,-2.89848],[-79.03904,-2.89813],[-79.03853,-2.89734],[-79.039,-2.89693],[-79.03827,-2.8942],[-79.04011,-2.89326],[-79.03989,-2.89274],[-79.04124,-2.88981],[-79.04379,-2.88872],[-79.04517,-2.88862],[-79.04554,-2.89055],[-79.04644,-2.89185],[-79.04921,-2.89019],[-79.05413,-2.89003],[-79.05667,-2.88901],[-79.0586,-2.88963],[-79.06137,-2.88825],[-79.06302,-2.88851],[-79.06557,-2.88764],[-79.07095,-2.88214],[-79.07108,-2.87996],[-79.07029,-2.87941],[-79.07075,-2.87892],[-79.06977,-2.87908],[-79.06937,-2.87861],[-79.07108,-2.87811],[-79.07088,-2.87572],[-79.06866,-2.87701],[-79.06781,-2.87702],[-79.06707,-2.87609],[-79.0667,-2.87665],[-79.06476,-2.87648],[-79.06441,-2.87719],[-79.06363,-2.8773],[-79.06209,-2.87669],[-79.05726,-2.87825],[-79.05694,-2.87756],[-79.05716,-2.87636],[-79.05662,-2.87537],[-79.05689,-2.87478],[-79.05496,-2.87435],[-79.05269,-2.87319],[-79.05269,-2.87032],[-79.05056,-2.87159],[-79.05032,-2.87249],[-79.0479,-2.87196],[-79.04778,-2.87279],[-79.04709,-2.87293],[-79.04694,-2.87495],[-79.04568,-2.87745],[-79.04394,-2.87873],[-79.04113,-2.87916],[-79.04099,-2.87812],[-79.04129,-2.87714],[-79.04168,-2.87714],[-79.04116,-2.87604],[-79.0415,-2.87538],[-79.04086,-2.87507],[-79.03859,-2.87135],[-79.03698,-2.87027],[-79.03881,-2.86986],[-79.04075,-2.86823],[-79.03972,-2.86716],[-79.04055,-2.86658],[-79.03904,-2.86309],[-79.04234,-2.86266],[-79.04033,-2.86069],[-79.03977,-2.86152],[-79.03513,-2.86086],[-79.03501,-2.86001],[-79.0341,-2.86064],[-79.03412,-2.86026],[-79.03358,-2.86008],[-79.03289,-2.86242],[-79.03147,-2.86435],[-79.03076,-2.8662],[-79.03044,-2.86882],[-79.02915,-2.87003],[-79.02868,-2.87174],[-79.02899,-2.87414],[-79.02849,-2.87575],[-79.02876,-2.87621],[-79.02826,-2.87628],[-79.02848,-2.87679],[-79.02783,-2.87666],[-79.02446,-2.87925],[-79.02426,-2.87884],[-79.02351,-2.87923],[-79.02172,-2.87872],[-79.02094,-2.87927],[-79.02083,-2.87873],[-79.01947,-2.87857],[-79.0187,-2.87781],[-79.01827,-2.87807],[-79.01742,-2.87774],[-79.01718,-2.8781],[-79.01669,-2.87766],[-79.01571,-2.87833],[-79.0137,-2.8781],[-79.0134,-2.87874],[-79.01246,-2.87838],[-79.01239,-2.87882],[-79.0113,-2.87877],[-79.01142,-2.8793],[-79.01091,-2.8792],[-79.01003,-2.88002],[-79.00874,-2.88025],[-79.00842,-2.87991],[-79.00814,-2.88046],[-79.00747,-2.88027],[-79.00741,-2.88077],[-79.00662,-2.88016],[-79.00614,-2.88081],[-79.00592,-2.87991],[-79.00514,-2.88012],[-79.00469,-2.87937],[-79.00542,-2.87824],[-79.00697,-2.8774],[-79.007,-2.87686],[-79.00523,-2.87641],[-79.00613,-2.87545],[-79.00542,-2.87453],[-79.00521,-2.8749],[-79.00448,-2.8744],[-79.00432,-2.87313],[-79.00512,-2.87307],[-79.00652,-2.87029],[-79.00686,-2.87033],[-79.00747,-2.86864],[-79.00696,-2.86799],[-79.00467,-2.8664],[-79.00257,-2.86696],[-79.00083,-2.86804],[-79.00117,-2.86894],[-79.00158,-2.86864],[-79.002,-2.86936],[-79.00206,-2.87128],[-79.00037,-2.87029],[-78.99784,-2.87088],[-78.99678,-2.87028],[-78.99849,-2.86199],[-79.00095,-2.86013],[-79.00309,-2.86048],[-79.00464,-2.85967],[-79.00539,-2.85905],[-79.00522,-2.85826],[-79.00401,-2.8576],[-79.0028,-2.85594],[-79.00033,-2.85636],[-79.00026,-2.85706],[-78.99985,-2.85679],[-78.99998,-2.8562],[-78.99889,-2.85617],[-78.99904,-2.85544],[-78.99785,-2.85456],[-78.9963,-2.85525],[-78.99638,-2.85353],[-78.997,-2.85251],[-78.99637,-2.85104],[-78.99591,-2.85056],[-78.99449,-2.85111],[-78.9941,-2.85052],[-78.9944,-2.84977],[-78.99193,-2.84899],[-78.99057,-2.84808],[-78.99082,-2.84692],[-78.9912,-2.84698],[-78.99106,-2.84579],[-78.98975,-2.84571],[-78.98949,-2.84686],[-78.9885,-2.84752],[-78.98921,-2.84847],[-78.98863,-2.84897],[-78.9891,-2.8497],[-78.98918,-2.85111],[-78.9882,-2.85275],[-78.98765,-2.85289],[-78.9877,-2.85382],[-78.98583,-2.85438],[-78.98566,-2.85178],[-78.98649,-2.8491],[-78.98673,-2.84038],[-78.9873,-2.83869],[-78.98583,-2.83505],[-78.98588,-2.8326],[-78.98681,-2.8296],[-78.9884,-2.82766],[-78.98776,-2.82729],[-78.98711,-2.82766],[-78.98553,-2.82555],[-78.98282,-2.82426]]]}},{"type":"Feature","properties":{"unidadId":"banos","nombreOficial":"BAÑOS","codigoDPA":"010151","codigoCanton":"0101","codigoProvincia":"01","cantonOficial":"CUENCA","provinciaOficial":"AZUAY","tipoOficial":"PARROQUIA RURAL","resolucion":"parroquia","tipo":"rural","anioDPA":"2024","superficieKm2":251.443,"superficieCalculadaEn":"EPSG:32717 sobre la geometria COMPLETA, antes de simplificar","puntosOriginales":14908,"puntosSimplificados":413,"verificado":true},"geometry":{"type":"Polygon","coordinates":[[[-79.07131,-2.89521],[-79.06988,-2.8956],[-79.06873,-2.8973],[-79.0673,-2.89642],[-79.06626,-2.89666],[-79.0635,-2.89983],[-79.06017,-2.90165],[-79.05697,-2.90136],[-79.05461,-2.90191],[-79.05332,-2.9012],[-79.0519,-2.90121],[-79.04957,-2.9005],[-79.05087,-2.90395],[-79.05229,-2.90622],[-79.05177,-2.90718],[-79.04839,-2.90917],[-79.04906,-2.9105],[-79.04941,-2.91442],[-79.05025,-2.91447],[-79.04923,-2.9173],[-79.05504,-2.91791],[-79.05888,-2.92144],[-79.05728,-2.9233],[-79.05698,-2.92312],[-79.05667,-2.92564],[-79.05749,-2.92624],[-79.05582,-2.9275],[-79.0538,-2.93018],[-79.0527,-2.93067],[-79.05192,-2.93269],[-79.05059,-2.933],[-79.04819,-2.93521],[-79.04576,-2.93496],[-79.04509,-2.93536],[-79.04388,-2.93369],[-79.04167,-2.9352],[-79.04335,-2.93724],[-79.04314,-2.93866],[-79.04362,-2.93873],[-79.04432,-2.93808],[-79.04531,-2.93873],[-79.04468,-2.94183],[-79.04265,-2.94355],[-79.04219,-2.94672],[-79.04561,-2.94855],[-79.04751,-2.95296],[-79.04878,-2.95346],[-79.04913,-2.95611],[-79.0479,-2.95703],[-79.04812,-2.95772],[-79.04681,-2.95907],[-79.04667,-2.95981],[-79.04853,-2.96223],[-79.04936,-2.96191],[-79.04953,-2.96132],[-79.05078,-2.96037],[-79.05207,-2.96045],[-79.05298,-2.95884],[-79.05414,-2.95863],[-79.05468,-2.95752],[-79.05589,-2.95782],[-79.05652,-2.95733],[-79.05816,-2.95853],[-79.05812,-2.95955],[-79.05878,-2.96044],[-79.05994,-2.961],[-79.0596,-2.96209],[-79.05984,-2.96406],[-79.06065,-2.96389],[-79.06143,-2.96476],[-79.06139,-2.96392],[-79.06206,-2.96336],[-79.06423,-2.96405],[-79.06587,-2.9637],[-79.06589,-2.96438],[-79.06745,-2.96643],[-79.07051,-2.96669],[-79.07138,-2.9663],[-79.07221,-2.96698],[-79.07295,-2.96659],[-79.07626,-2.96766],[-79.07843,-2.96761],[-79.07982,-2.96889],[-79.08031,-2.96844],[-79.08104,-2.96898],[-79.08216,-2.97068],[-79.08298,-2.97003],[-79.08392,-2.9703],[-79.08442,-2.96983],[-79.08632,-2.96962],[-79.08778,-2.97199],[-79.08882,-2.97248],[-79.08848,-2.97387],[-79.09008,-2.97412],[-79.09139,-2.97541],[-79.0919,-2.97521],[-79.09244,-2.97661],[-79.09354,-2.97719],[-79.09357,-2.97773],[-79.09451,-2.97782],[-79.09513,-2.97865],[-79.09623,-2.97857],[-79.09833,-2.97939],[-79.09908,-2.9804],[-79.10178,-2.98129],[-79.10397,-2.98367],[-79.10658,-2.98495],[-79.10714,-2.98598],[-79.1091,-2.98642],[-79.11022,-2.98803],[-79.11071,-2.9878],[-79.11271,-2.98826],[-79.11326,-2.98948],[-79.11385,-2.98897],[-79.11535,-2.98928],[-79.11771,-2.98855],[-79.12013,-2.98944],[-79.1198,-2.99041],[-79.12033,-2.99086],[-79.12275,-2.99014],[-79.12334,-2.98913],[-79.12444,-2.99033],[-79.12679,-2.99121],[-79.12806,-2.99094],[-79.12879,-2.99161],[-79.12979,-2.99094],[-79.13357,-2.99084],[-79.13578,-2.99144],[-79.13733,-2.99117],[-79.14015,-2.99293],[-79.14105,-2.99304],[-79.14199,-2.99252],[-79.1433,-2.99397],[-79.14527,-2.99494],[-79.14618,-2.99608],[-79.14735,-2.99622],[-79.1478,-2.99568],[-79.14867,-2.99556],[-79.15008,-2.99767],[-79.15151,-2.99702],[-79.1532,-2.99751],[-79.15445,-2.99893],[-79.15779,-2.99994],[-79.15977,-3.00213],[-79.16412,-3.00351],[-79.16765,-3.00674],[-79.17036,-3.00731],[-79.17071,-3.00704],[-79.17266,-3.0083],[-79.18187,-3.0121],[-79.18357,-3.01345],[-79.19623,-3.01569],[-79.19819,-3.01768],[-79.20089,-3.01844],[-79.20792,-3.01698],[-79.20952,-3.01919],[-79.21034,-3.019],[-79.21206,-3.01989],[-79.22297,-3.02278],[-79.22,-3.0277],[-79.24968,-3.05101],[-79.26328,-3.05987],[-79.27605,-3.07097],[-79.27628,-3.07161],[-79.27898,-3.07304],[-79.2798,-3.07312],[-79.28033,-3.07187],[-79.28118,-3.07164],[-79.2836,-3.06773],[-79.28447,-3.0674],[-79.28542,-3.06775],[-79.28767,-3.06642],[-79.29114,-3.06622],[-79.29228,-3.06972],[-79.29178,-3.07126],[-79.29322,-3.07039],[-79.29599,-3.07114],[-79.29749,-3.07071],[-79.29906,-3.07092],[-79.30005,-3.0704],[-79.30293,-3.07131],[-79.30494,-3.06835],[-79.30555,-3.06825],[-79.30557,-3.06656],[-79.30623,-3.06547],[-79.30825,-3.06576],[-79.30868,-3.0651],[-79.30965,-3.06496],[-79.31014,-3.06438],[-79.31292,-3.06443],[-79.31628,-3.06138],[-79.31733,-3.06186],[-79.31961,-3.06139],[-79.32083,-3.06201],[-79.3218,-3.06117],[-79.32406,-3.06155],[-79.32475,-3.06212],[-79.32531,-3.06175],[-79.32507,-3.06075],[-79.32549,-3.05975],[-79.32618,-3.05933],[-79.32713,-3.05757],[-79.29187,-2.91082],[-79.29084,-2.91406],[-79.29105,-2.9144],[-79.29013,-2.91603],[-79.28754,-2.91885],[-79.28731,-2.91988],[-79.28614,-2.92004],[-79.28564,-2.92094],[-79.28694,-2.92181],[-79.28769,-2.9275],[-79.2865,-2.93011],[-79.28473,-2.93129],[-79.28516,-2.93272],[-79.28468,-2.93341],[-79.28356,-2.93402],[-79.28231,-2.93402],[-79.28288,-2.93472],[-79.28261,-2.93547],[-79.28306,-2.93544],[-79.28356,-2.93637],[-79.28288,-2.9365],[-79.28274,-2.93713],[-79.28208,-2.93695],[-79.28254,-2.93831],[-79.28167,-2.93834],[-79.28135,-2.93885],[-79.2814,-2.94144],[-79.28055,-2.94209],[-79.28041,-2.94267],[-79.28078,-2.94285],[-79.27871,-2.9438],[-79.27888,-2.94514],[-79.2764,-2.94504],[-79.27603,-2.94621],[-79.27542,-2.94628],[-79.27576,-2.94665],[-79.27499,-2.94692],[-79.27469,-2.94889],[-79.27382,-2.95031],[-79.2747,-2.9516],[-79.27403,-2.95209],[-79.27403,-2.95285],[-79.2735,-2.95311],[-79.27363,-2.95387],[-79.27272,-2.95455],[-79.27263,-2.95545],[-79.27218,-2.95567],[-79.27236,-2.95716],[-79.27153,-2.95805],[-79.27143,-2.9588],[-79.26966,-2.95881],[-79.26831,-2.95965],[-79.26817,-2.96077],[-79.26615,-2.96185],[-79.26675,-2.96453],[-79.26629,-2.96496],[-79.26619,-2.96683],[-79.26726,-2.97042],[-79.26758,-2.97328],[-79.26531,-2.97516],[-79.26331,-2.97775],[-79.26183,-2.98132],[-79.26073,-2.98153],[-79.26018,-2.98231],[-79.25921,-2.98232],[-79.25901,-2.98318],[-79.25739,-2.98391],[-79.25622,-2.98363],[-79.25249,-2.98468],[-79.25168,-2.98402],[-79.25094,-2.98463],[-79.24913,-2.98382],[-79.24826,-2.98386],[-79.24566,-2.98208],[-79.24496,-2.98073],[-79.24518,-2.97982],[-79.24346,-2.97808],[-79.2422,-2.97528],[-79.24049,-2.97468],[-79.23973,-2.97552],[-79.23802,-2.97507],[-79.23832,-2.97366],[-79.23611,-2.97096],[-79.23567,-2.96928],[-79.23483,-2.96863],[-79.23484,-2.9662],[-79.23444,-2.96499],[-79.23689,-2.96319],[-79.23859,-2.96026],[-79.23901,-2.95914],[-79.23817,-2.95797],[-79.23859,-2.95638],[-79.23748,-2.95469],[-79.23602,-2.95421],[-79.23578,-2.95324],[-79.23442,-2.95262],[-79.23396,-2.95137],[-79.23255,-2.95049],[-79.23157,-2.94854],[-79.23169,-2.94709],[-79.2301,-2.94611],[-79.22991,-2.9449],[-79.22833,-2.94318],[-79.22806,-2.94185],[-79.22658,-2.94036],[-79.22376,-2.9409],[-79.22273,-2.94203],[-79.22112,-2.94193],[-79.21845,-2.93996],[-79.21767,-2.93847],[-79.21686,-2.93802],[-79.21625,-2.93544],[-79.21451,-2.93508],[-79.21311,-2.93558],[-79.21255,-2.93453],[-79.2115,-2.93435],[-79.2097,-2.93246],[-79.20887,-2.93275],[-79.20822,-2.93211],[-79.20593,-2.9319],[-79.20396,-2.93285],[-79.20301,-2.93269],[-79.20247,-2.93365],[-79.20117,-2.93349],[-79.19991,-2.93274],[-79.19711,-2.93288],[-79.1961,-2.93252],[-79.19471,-2.93291],[-79.19404,-2.93185],[-79.19278,-2.93108],[-79.19143,-2.93234],[-79.18968,-2.93212],[-79.18874,-2.93348],[-79.18624,-2.93354],[-79.18395,-2.93568],[-79.18181,-2.93565],[-79.17905,-2.94065],[-79.17739,-2.94057],[-79.1773,-2.94168],[-79.17608,-2.94321],[-79.17568,-2.94455],[-79.17289,-2.946],[-79.17133,-2.94615],[-79.16944,-2.94779],[-79.1694,-2.94915],[-79.16804,-2.94967],[-79.16734,-2.95056],[-79.16591,-2.9508],[-79.16474,-2.95008],[-79.16369,-2.95077],[-79.16138,-2.94983],[-79.15951,-2.95027],[-79.15877,-2.94981],[-79.15428,-2.951],[-79.15299,-2.95055],[-79.15202,-2.94958],[-79.15147,-2.94763],[-79.14964,-2.94543],[-79.14902,-2.94522],[-79.1481,-2.94566],[-79.14745,-2.94486],[-79.14629,-2.94471],[-79.14432,-2.94311],[-79.1436,-2.94194],[-79.14321,-2.9398],[-79.14218,-2.93967],[-79.1413,-2.93756],[-79.13762,-2.93458],[-79.13503,-2.93476],[-79.13381,-2.93346],[-79.13263,-2.93342],[-79.13114,-2.93217],[-79.12852,-2.93258],[-79.12692,-2.93178],[-79.1254,-2.93251],[-79.12495,-2.93401],[-79.12256,-2.93656],[-79.12093,-2.93681],[-79.11836,-2.93511],[-79.11739,-2.93374],[-79.11549,-2.93281],[-79.11467,-2.9316],[-79.10903,-2.93091],[-79.10783,-2.9289],[-79.1051,-2.92938],[-79.10413,-2.92853],[-79.1027,-2.92882],[-79.10153,-2.92786],[-79.09955,-2.92752],[-79.09859,-2.92686],[-79.09569,-2.92711],[-79.09434,-2.92661],[-79.0929,-2.92473],[-79.09147,-2.9242],[-79.0904,-2.92244],[-79.08623,-2.92014],[-79.08527,-2.91883],[-79.08387,-2.91857],[-79.08268,-2.91765],[-79.08184,-2.9154],[-79.08157,-2.9122],[-79.07889,-2.91097],[-79.07595,-2.9085],[-79.07427,-2.90643],[-79.0742,-2.90384],[-79.07494,-2.90159],[-79.07454,-2.90006],[-79.07546,-2.89806],[-79.07557,-2.89642],[-79.07508,-2.89566],[-79.07131,-2.89521]]]}},{"type":"Feature","properties":{"unidadId":"cumbe","nombreOficial":"CUMBE","codigoDPA":"010152","codigoCanton":"0101","codigoProvincia":"01","cantonOficial":"CUENCA","provinciaOficial":"AZUAY","tipoOficial":"PARROQUIA RURAL","resolucion":"parroquia","tipo":"rural","anioDPA":"2024","superficieKm2":75.13,"superficieCalculadaEn":"EPSG:32717 sobre la geometria COMPLETA, antes de simplificar","puntosOriginales":4692,"puntosSimplificados":176,"verificado":true},"geometry":{"type":"Polygon","coordinates":[[[-79.02526,-3.03915],[-79.02327,-3.03974],[-79.02069,-3.04352],[-79.01206,-3.03952],[-79.01079,-3.04026],[-79.01052,-3.04143],[-79.00993,-3.04114],[-79.00725,-3.04138],[-79.00603,-3.04208],[-79.00344,-3.04223],[-79.00048,-3.04381],[-78.99996,-3.04486],[-78.99846,-3.04615],[-78.99515,-3.04561],[-78.99201,-3.04585],[-78.98876,-3.0471],[-78.98561,-3.04678],[-78.98388,-3.04918],[-78.9793,-3.05081],[-78.97788,-3.05034],[-78.97738,-3.05334],[-78.98028,-3.05479],[-78.98052,-3.05585],[-78.98143,-3.05633],[-78.97974,-3.05975],[-78.97947,-3.06188],[-78.97855,-3.06314],[-78.97998,-3.06618],[-78.9807,-3.06664],[-78.98319,-3.06624],[-78.98434,-3.06795],[-78.98585,-3.06842],[-78.98674,-3.06958],[-78.98788,-3.06999],[-78.98802,-3.07242],[-78.99058,-3.07577],[-78.99124,-3.07795],[-78.99083,-3.07865],[-78.99043,-3.08222],[-78.99329,-3.08387],[-78.99422,-3.08568],[-78.99564,-3.08598],[-78.99618,-3.08701],[-78.9964,-3.0885],[-78.99574,-3.09097],[-78.9961,-3.09438],[-78.99527,-3.09776],[-78.99566,-3.10013],[-78.99653,-3.10165],[-78.9959,-3.10335],[-78.99658,-3.10497],[-78.99598,-3.10646],[-78.99672,-3.10827],[-78.99669,-3.11283],[-78.99656,-3.11337],[-78.99555,-3.11391],[-78.99499,-3.1131],[-78.99398,-3.11356],[-78.99473,-3.11396],[-78.99484,-3.1157],[-78.99523,-3.1162],[-78.997,-3.11652],[-78.99782,-3.116],[-78.99873,-3.11634],[-78.99925,-3.11715],[-78.99933,-3.11847],[-78.9984,-3.12149],[-78.9984,-3.12518],[-79.00011,-3.12787],[-79.00083,-3.13059],[-79.00056,-3.13154],[-79.0016,-3.1323],[-79.00143,-3.13476],[-79.00346,-3.13639],[-79.0034,-3.13749],[-79.00263,-3.13742],[-79.00193,-3.13821],[-78.99984,-3.13872],[-79.00085,-3.14032],[-79.00244,-3.14083],[-79.00362,-3.14304],[-79.00373,-3.14596],[-79.00491,-3.1474],[-79.00622,-3.14821],[-79.00548,-3.15032],[-79.00705,-3.15205],[-79.00755,-3.15376],[-79.00755,-3.1562],[-79.00991,-3.16049],[-79.01254,-3.1632],[-79.01384,-3.16285],[-79.01465,-3.16329],[-79.01466,-3.16511],[-79.01613,-3.1667],[-79.01763,-3.16706],[-79.01814,-3.1683],[-79.02048,-3.16866],[-79.02264,-3.16992],[-79.02458,-3.17043],[-79.02748,-3.17175],[-79.02803,-3.17256],[-79.03407,-3.16991],[-79.03825,-3.16902],[-79.04004,-3.16781],[-79.04065,-3.165],[-79.03984,-3.16433],[-79.03982,-3.1638],[-79.03908,-3.16361],[-79.03917,-3.16126],[-79.04044,-3.15999],[-79.04139,-3.16011],[-79.04266,-3.15933],[-79.04452,-3.15664],[-79.0443,-3.15138],[-79.04313,-3.15037],[-79.04464,-3.15037],[-79.05583,-3.15274],[-79.05908,-3.15097],[-79.05907,-3.14148],[-79.05867,-3.13937],[-79.05923,-3.13858],[-79.05894,-3.1374],[-79.05942,-3.13662],[-79.05907,-3.13514],[-79.05944,-3.13414],[-79.05847,-3.13034],[-79.05716,-3.12831],[-79.05497,-3.12757],[-79.0547,-3.12528],[-79.05503,-3.12338],[-79.05429,-3.12357],[-79.05352,-3.12279],[-79.05299,-3.12167],[-79.05323,-3.12083],[-79.05281,-3.12067],[-79.05346,-3.11968],[-79.05267,-3.11863],[-79.05195,-3.11922],[-79.05043,-3.11795],[-79.04812,-3.11781],[-79.04371,-3.1135],[-79.04119,-3.11353],[-79.03997,-3.11035],[-79.04043,-3.1081],[-79.03856,-3.10193],[-79.03985,-3.10025],[-79.03907,-3.09941],[-79.03795,-3.09357],[-79.03576,-3.09077],[-79.03352,-3.09067],[-79.02928,-3.089],[-79.02875,-3.08681],[-79.02896,-3.08293],[-79.0298,-3.08106],[-79.02931,-3.07938],[-79.03102,-3.07612],[-79.03121,-3.07451],[-79.0332,-3.0734],[-79.03338,-3.07204],[-79.04093,-3.05994],[-79.04161,-3.05929],[-79.04323,-3.05939],[-79.04482,-3.05815],[-79.04564,-3.05679],[-79.04524,-3.0556],[-79.04635,-3.0556],[-79.04738,-3.05287],[-79.04798,-3.05235],[-79.04424,-3.04336],[-79.03784,-3.04243],[-79.03573,-3.04056],[-79.03438,-3.04098],[-79.03069,-3.04072],[-79.02984,-3.03981],[-79.02649,-3.03978],[-79.02526,-3.03915]]]}},{"type":"Feature","properties":{"unidadId":"chaucha","nombreOficial":"CHAUCHA","codigoDPA":"010153","codigoCanton":"0101","codigoProvincia":"01","cantonOficial":"CUENCA","provinciaOficial":"AZUAY","tipoOficial":"PARROQUIA RURAL","resolucion":"parroquia","tipo":"rural","anioDPA":"2024","superficieKm2":379.996,"superficieCalculadaEn":"EPSG:32717 sobre la geometria COMPLETA, antes de simplificar","puntosOriginales":60039,"puntosSimplificados":390,"verificado":true},"geometry":{"type":"Polygon","coordinates":[[[-79.32874,-2.8397],[-79.3274,-2.84093],[-79.32351,-2.84167],[-79.32176,-2.8438],[-79.32127,-2.84581],[-79.31946,-2.84564],[-79.31932,-2.84514],[-79.317,-2.84418],[-79.31456,-2.84371],[-79.31382,-2.84389],[-79.31259,-2.84342],[-79.31033,-2.84415],[-79.30974,-2.84604],[-79.31004,-2.85185],[-79.309,-2.85299],[-79.30818,-2.85305],[-79.30694,-2.85537],[-79.30532,-2.8529],[-79.30377,-2.85292],[-79.30273,-2.8515],[-79.29977,-2.85099],[-79.29818,-2.85162],[-79.29733,-2.85094],[-79.29615,-2.85074],[-79.29544,-2.85113],[-79.29394,-2.85354],[-79.29258,-2.85385],[-79.29047,-2.85362],[-79.2892,-2.85471],[-79.28751,-2.85515],[-79.28671,-2.85582],[-79.28629,-2.85669],[-79.2869,-2.8568],[-79.28822,-2.85819],[-79.28917,-2.85839],[-79.28958,-2.8596],[-79.28935,-2.86085],[-79.28708,-2.86533],[-79.28656,-2.86576],[-79.28571,-2.86567],[-79.28701,-2.86972],[-79.28682,-2.87119],[-79.28722,-2.87311],[-79.28948,-2.87776],[-79.28607,-2.87915],[-79.28563,-2.88031],[-79.28422,-2.88166],[-79.28399,-2.88275],[-79.28438,-2.88411],[-79.28232,-2.88533],[-79.28018,-2.8926],[-79.28055,-2.89391],[-79.28178,-2.89488],[-79.28343,-2.89746],[-79.28592,-2.89895],[-79.28668,-2.901],[-79.28813,-2.90227],[-79.28859,-2.90436],[-79.29187,-2.91082],[-79.32713,-3.05757],[-79.32751,-3.05672],[-79.33139,-3.0531],[-79.33154,-3.04903],[-79.33318,-3.04462],[-79.336,-3.04358],[-79.34063,-3.03978],[-79.34362,-3.04205],[-79.34516,-3.04225],[-79.34676,-3.04148],[-79.348,-3.04339],[-79.35253,-3.04679],[-79.35446,-3.04302],[-79.35437,-3.04135],[-79.35721,-3.03866],[-79.3573,-3.03752],[-79.35934,-3.03307],[-79.36053,-3.03244],[-79.36163,-3.03254],[-79.36256,-3.0317],[-79.36407,-3.03261],[-79.36397,-3.03393],[-79.36449,-3.03558],[-79.36613,-3.03704],[-79.3686,-3.03712],[-79.37029,-3.03641],[-79.37219,-3.03622],[-79.37386,-3.03654],[-79.37684,-3.03831],[-79.37803,-3.03998],[-79.37925,-3.0406],[-79.38036,-3.03998],[-79.38197,-3.03455],[-79.38321,-3.03267],[-79.38486,-3.03383],[-79.3871,-3.03448],[-79.39087,-3.034],[-79.39229,-3.03306],[-79.39279,-3.03048],[-79.39472,-3.02644],[-79.39389,-3.02515],[-79.39347,-3.02162],[-79.39191,-3.01644],[-79.39206,-3.01345],[-79.39164,-3.01238],[-79.3929,-3.01023],[-79.39316,-3.00775],[-79.39492,-3.00495],[-79.39657,-3.00034],[-79.399,-2.99663],[-79.39908,-2.99557],[-79.40066,-2.99322],[-79.40177,-2.99022],[-79.40499,-2.98789],[-79.40538,-2.98716],[-79.40673,-2.98706],[-79.40653,-2.98528],[-79.4078,-2.98293],[-79.41077,-2.98268],[-79.41225,-2.98131],[-79.41298,-2.98006],[-79.41289,-2.97896],[-79.41366,-2.97798],[-79.41549,-2.97781],[-79.41664,-2.97689],[-79.4172,-2.97739],[-79.41784,-2.97725],[-79.41811,-2.97526],[-79.41923,-2.97468],[-79.41973,-2.97283],[-79.41923,-2.972],[-79.41946,-2.97051],[-79.42022,-2.96928],[-79.424,-2.97008],[-79.42448,-2.96971],[-79.42578,-2.9702],[-79.42689,-2.96988],[-79.42799,-2.97081],[-79.43005,-2.97143],[-79.43125,-2.97301],[-79.43339,-2.97365],[-79.43393,-2.9745],[-79.43481,-2.97481],[-79.43553,-2.97655],[-79.43763,-2.97759],[-79.43779,-2.97878],[-79.43889,-2.97843],[-79.44021,-2.97916],[-79.44127,-2.98106],[-79.44296,-2.98242],[-79.44281,-2.98291],[-79.44367,-2.98315],[-79.44432,-2.98419],[-79.44409,-2.9848],[-79.45775,-2.9934],[-79.4596,-2.99399],[-79.45853,-2.99195],[-79.45811,-2.98917],[-79.45727,-2.98841],[-79.45686,-2.9851],[-79.45766,-2.98384],[-79.45829,-2.98154],[-79.45967,-2.97999],[-79.4599,-2.97866],[-79.46405,-2.97697],[-79.46442,-2.97628],[-79.4678,-2.97396],[-79.47208,-2.97291],[-79.47365,-2.96917],[-79.47586,-2.96669],[-79.47787,-2.96287],[-79.47859,-2.95729],[-79.47979,-2.95544],[-79.4796,-2.95393],[-79.48009,-2.95294],[-79.48205,-2.95141],[-79.48375,-2.9471],[-79.48705,-2.94551],[-79.48777,-2.94466],[-79.48979,-2.94403],[-79.49169,-2.9426],[-79.49539,-2.94248],[-79.5004,-2.93812],[-79.5003,-2.93699],[-79.52403,-2.92766],[-79.52869,-2.9275],[-79.53005,-2.92639],[-79.53144,-2.92646],[-79.53413,-2.92519],[-79.53637,-2.92526],[-79.53825,-2.92338],[-79.54074,-2.92234],[-79.54401,-2.9227],[-79.54824,-2.92195],[-79.55082,-2.92426],[-79.55441,-2.92417],[-79.5555,-2.92465],[-79.55638,-2.9243],[-79.55817,-2.92494],[-79.55914,-2.92627],[-79.56109,-2.92593],[-79.56267,-2.92674],[-79.56344,-2.92647],[-79.56437,-2.92456],[-79.56519,-2.92455],[-79.5656,-2.92356],[-79.56722,-2.92326],[-79.56692,-2.92249],[-79.56775,-2.92069],[-79.56936,-2.91937],[-79.56994,-2.91807],[-79.57073,-2.91793],[-79.57119,-2.9185],[-79.57241,-2.91811],[-79.57276,-2.91735],[-79.57426,-2.91685],[-79.57592,-2.91519],[-79.57867,-2.91369],[-79.58048,-2.91346],[-79.58092,-2.91204],[-79.58072,-2.91146],[-79.58173,-2.90916],[-79.58575,-2.9081],[-79.58575,-2.90182],[-79.58691,-2.90169],[-79.59008,-2.90235],[-79.59465,-2.90208],[-79.59926,-2.90356],[-79.62014,-2.89893],[-79.62015,-2.89213],[-79.61439,-2.89213],[-79.61418,-2.89422],[-79.61268,-2.89404],[-79.59493,-2.89556],[-79.56122,-2.89556],[-79.56021,-2.89363],[-79.55856,-2.89369],[-79.55743,-2.89243],[-79.55509,-2.89235],[-79.55218,-2.89091],[-79.5511,-2.88956],[-79.54905,-2.88894],[-79.54487,-2.88987],[-79.54391,-2.8913],[-79.54275,-2.89182],[-79.53943,-2.89213],[-79.5368,-2.89331],[-79.53595,-2.89228],[-79.53298,-2.89274],[-79.532,-2.89193],[-79.53045,-2.89169],[-79.52912,-2.89268],[-79.52787,-2.89248],[-79.52719,-2.89309],[-79.52424,-2.89291],[-79.52257,-2.89231],[-79.51996,-2.89255],[-79.51799,-2.89192],[-79.51678,-2.89047],[-79.5155,-2.89027],[-79.51203,-2.89137],[-79.51081,-2.89215],[-79.51051,-2.89282],[-79.50936,-2.89302],[-79.50719,-2.89507],[-79.50522,-2.89553],[-79.50367,-2.89675],[-79.4964,-2.89465],[-79.49393,-2.89574],[-79.49231,-2.89581],[-79.49128,-2.89541],[-79.48965,-2.89659],[-79.489,-2.89796],[-79.48786,-2.89788],[-79.48592,-2.89973],[-79.48524,-2.89992],[-79.48477,-2.90135],[-79.48082,-2.90299],[-79.48003,-2.90376],[-79.47826,-2.90363],[-79.47732,-2.90293],[-79.47454,-2.90245],[-79.47433,-2.90021],[-79.4739,-2.89947],[-79.4731,-2.89916],[-79.47069,-2.89505],[-79.46939,-2.8941],[-79.46752,-2.89406],[-79.46671,-2.89326],[-79.46651,-2.89142],[-79.46526,-2.88947],[-79.46432,-2.88924],[-79.46451,-2.88777],[-79.46263,-2.88553],[-79.46221,-2.88436],[-79.46257,-2.88401],[-79.46247,-2.88145],[-79.46199,-2.88073],[-79.46123,-2.88082],[-79.45873,-2.8797],[-79.45776,-2.88015],[-79.45595,-2.87879],[-79.45453,-2.87938],[-79.4536,-2.87816],[-79.45144,-2.87749],[-79.45031,-2.87642],[-79.44965,-2.8765],[-79.44937,-2.87507],[-79.44719,-2.87447],[-79.44708,-2.87339],[-79.44576,-2.87234],[-79.44514,-2.8725],[-79.44527,-2.87183],[-79.44389,-2.8706],[-79.44188,-2.87086],[-79.44069,-2.87059],[-79.43931,-2.87],[-79.43877,-2.8685],[-79.43397,-2.86667],[-79.43326,-2.86717],[-79.43266,-2.8666],[-79.43204,-2.86723],[-79.43055,-2.86738],[-79.42982,-2.86791],[-79.42951,-2.86878],[-79.42975,-2.86956],[-79.42891,-2.87052],[-79.42906,-2.87131],[-79.42823,-2.87201],[-79.42628,-2.87285],[-79.42383,-2.87297],[-79.42109,-2.87449],[-79.41879,-2.87432],[-79.41871,-2.87385],[-79.41734,-2.87342],[-79.41761,-2.87205],[-79.41681,-2.87152],[-79.41525,-2.87134],[-79.4149,-2.87081],[-79.41382,-2.87109],[-79.41398,-2.86991],[-79.41091,-2.86786],[-79.40959,-2.866],[-79.40903,-2.86356],[-79.4082,-2.86319],[-79.40769,-2.86237],[-79.40779,-2.86109],[-79.40719,-2.85946],[-79.40621,-2.85901],[-79.40498,-2.85656],[-79.40313,-2.85579],[-79.4027,-2.85496],[-79.40146,-2.85513],[-79.40091,-2.85432],[-79.39818,-2.85355],[-79.39565,-2.85119],[-79.39422,-2.85102],[-79.39325,-2.85033],[-79.3909,-2.85144],[-79.38967,-2.85141],[-79.38919,-2.85096],[-79.38811,-2.85123],[-79.38671,-2.85067],[-79.38574,-2.84933],[-79.38423,-2.84996],[-79.3831,-2.84989],[-79.3825,-2.84928],[-79.37947,-2.84823],[-79.37683,-2.84852],[-79.37459,-2.84933],[-79.37015,-2.84595],[-79.36855,-2.84557],[-79.36547,-2.84583],[-79.36356,-2.84692],[-79.36145,-2.84728],[-79.35826,-2.84725],[-79.35658,-2.8464],[-79.35391,-2.84705],[-79.35171,-2.84848],[-79.34326,-2.84259],[-79.34262,-2.84442],[-79.34274,-2.84542],[-79.33828,-2.84461],[-79.33686,-2.84587],[-79.33532,-2.84623],[-79.33435,-2.84589],[-79.33213,-2.84696],[-79.33124,-2.84536],[-79.33214,-2.84376],[-79.33236,-2.84089],[-79.32874,-2.8397]]]}},{"type":"Feature","properties":{"unidadId":"checa","nombreOficial":"CHECA","codigoDPA":"010154","codigoCanton":"0101","codigoProvincia":"01","cantonOficial":"CUENCA","provinciaOficial":"AZUAY","tipoOficial":"PARROQUIA RURAL","resolucion":"parroquia","tipo":"rural","anioDPA":"2024","superficieKm2":110.857,"superficieCalculadaEn":"EPSG:32717 sobre la geometria COMPLETA, antes de simplificar","puntosOriginales":9389,"puntosSimplificados":250,"verificado":true},"geometry":{"type":"Polygon","coordinates":[[[-79.05441,-2.63783],[-79.03451,-2.64617],[-79.02387,-2.654],[-79.01903,-2.66354],[-79.01903,-2.67243],[-79.01995,-2.67195],[-79.02143,-2.67249],[-79.02186,-2.67425],[-79.02277,-2.67538],[-79.02275,-2.67628],[-79.02391,-2.67697],[-79.02408,-2.67764],[-79.02408,-2.6787],[-79.02337,-2.67993],[-79.02021,-2.68304],[-79.02039,-2.68559],[-79.02114,-2.68627],[-79.02185,-2.68836],[-79.02146,-2.68866],[-79.02194,-2.69085],[-79.02128,-2.69155],[-79.02125,-2.69246],[-79.01991,-2.69301],[-79.01993,-2.69495],[-79.01861,-2.69613],[-79.01907,-2.69657],[-79.01648,-2.69762],[-79.016,-2.69972],[-79.01447,-2.70104],[-79.0149,-2.70213],[-79.01348,-2.7031],[-79.01363,-2.70436],[-79.01153,-2.70665],[-79.01043,-2.70965],[-79.0099,-2.70989],[-79.01013,-2.71169],[-79.01071,-2.71221],[-79.0102,-2.71371],[-79.00909,-2.71393],[-79.00811,-2.71515],[-78.988,-2.71515],[-78.98729,-2.71799],[-78.9868,-2.71882],[-78.98546,-2.71963],[-78.98754,-2.72418],[-78.98954,-2.72496],[-78.99064,-2.72614],[-78.99136,-2.72909],[-78.9928,-2.7311],[-78.99211,-2.73184],[-78.99217,-2.73478],[-78.99129,-2.73587],[-78.9906,-2.73844],[-78.99116,-2.73942],[-78.99272,-2.74047],[-78.9937,-2.74224],[-78.99479,-2.74276],[-78.99422,-2.74509],[-78.99499,-2.74549],[-78.99472,-2.74651],[-78.99534,-2.74814],[-78.99315,-2.74959],[-78.99077,-2.75438],[-78.99017,-2.75652],[-78.9905,-2.75805],[-78.98863,-2.75954],[-78.98906,-2.76192],[-78.98816,-2.76233],[-78.98836,-2.76271],[-78.98765,-2.76449],[-78.98795,-2.76531],[-78.98888,-2.76512],[-78.99012,-2.76605],[-78.99081,-2.76728],[-78.99092,-2.76932],[-78.99341,-2.77131],[-78.9932,-2.77226],[-78.99368,-2.77287],[-78.9941,-2.77656],[-78.99367,-2.77885],[-78.99382,-2.78271],[-78.99044,-2.78619],[-78.98924,-2.78631],[-78.9883,-2.78703],[-78.98768,-2.78676],[-78.98698,-2.78731],[-78.98607,-2.78726],[-78.98332,-2.78891],[-78.98225,-2.79032],[-78.98198,-2.79231],[-78.98133,-2.7924],[-78.98098,-2.79361],[-78.97988,-2.79373],[-78.97985,-2.79584],[-78.9809,-2.79629],[-78.98055,-2.79752],[-78.98166,-2.79832],[-78.98169,-2.79915],[-78.98211,-2.79933],[-78.98186,-2.79976],[-78.98222,-2.80055],[-78.98177,-2.80078],[-78.9833,-2.80222],[-78.98306,-2.80278],[-78.98397,-2.80373],[-78.98406,-2.80449],[-78.98527,-2.80507],[-78.98516,-2.80571],[-78.98475,-2.80554],[-78.98437,-2.80599],[-78.98511,-2.80618],[-78.98472,-2.80634],[-78.98511,-2.80772],[-78.98464,-2.80812],[-78.98514,-2.80847],[-78.98485,-2.80907],[-78.98561,-2.81007],[-78.98543,-2.81129],[-78.98595,-2.81289],[-78.98551,-2.81417],[-78.98624,-2.81522],[-78.98605,-2.81615],[-78.98662,-2.8164],[-78.98653,-2.81714],[-78.98707,-2.81754],[-78.98683,-2.81837],[-78.98778,-2.81997],[-78.98755,-2.82111],[-78.98809,-2.82153],[-78.98821,-2.82252],[-78.98939,-2.81933],[-78.9908,-2.81751],[-78.99275,-2.81678],[-78.99469,-2.81521],[-78.99724,-2.81158],[-78.99817,-2.81129],[-78.9981,-2.8099],[-78.99892,-2.80833],[-79.00088,-2.80745],[-79.00208,-2.80491],[-79.00484,-2.80377],[-79.00527,-2.80252],[-79.00725,-2.80089],[-79.00795,-2.79867],[-79.00738,-2.79775],[-79.00776,-2.79626],[-79.00698,-2.79433],[-79.00729,-2.79307],[-79.00685,-2.79222],[-79.008,-2.79022],[-79.00774,-2.78918],[-79.00877,-2.78561],[-79.00837,-2.7835],[-79.00914,-2.78237],[-79.00934,-2.78107],[-79.01052,-2.78045],[-79.01117,-2.77741],[-79.01192,-2.77702],[-79.01258,-2.77582],[-79.01338,-2.77245],[-79.0143,-2.77096],[-79.01418,-2.77014],[-79.0148,-2.76938],[-79.01423,-2.76458],[-79.01295,-2.76338],[-79.01333,-2.76238],[-79.01308,-2.7618],[-79.0121,-2.76134],[-79.01308,-2.75916],[-79.01269,-2.75586],[-79.01531,-2.75531],[-79.01605,-2.75557],[-79.02111,-2.75282],[-79.02201,-2.75209],[-79.02232,-2.7511],[-79.02345,-2.75089],[-79.02391,-2.75001],[-79.02555,-2.74947],[-79.02582,-2.74856],[-79.02688,-2.74801],[-79.02725,-2.74703],[-79.02982,-2.74532],[-79.03125,-2.74379],[-79.03421,-2.74262],[-79.03484,-2.74154],[-79.0372,-2.73957],[-79.0379,-2.73967],[-79.03875,-2.73774],[-79.04054,-2.73689],[-79.04317,-2.73383],[-79.04381,-2.73391],[-79.04512,-2.73271],[-79.04579,-2.73261],[-79.0461,-2.73105],[-79.04676,-2.73028],[-79.04761,-2.73059],[-79.05337,-2.72703],[-79.05355,-2.72804],[-79.05498,-2.72794],[-79.05595,-2.72852],[-79.05927,-2.7263],[-79.06092,-2.72626],[-79.06198,-2.72671],[-79.06314,-2.7285],[-79.06978,-2.7286],[-79.07054,-2.72924],[-79.07529,-2.73058],[-79.07829,-2.73049],[-79.08944,-2.72704],[-79.09051,-2.72579],[-79.0928,-2.72487],[-79.09308,-2.72431],[-79.09435,-2.72445],[-79.09552,-2.72376],[-79.0987,-2.72345],[-79.09872,-2.72314],[-79.09922,-2.72342],[-79.09942,-2.72278],[-79.09997,-2.72321],[-79.09997,-2.72227],[-79.10048,-2.72259],[-79.10059,-2.72208],[-79.10186,-2.72227],[-79.10172,-2.72192],[-79.10227,-2.72153],[-79.10271,-2.72206],[-79.10472,-2.72117],[-79.10593,-2.72166],[-79.106,-2.72079],[-79.10626,-2.72133],[-79.1072,-2.72131],[-79.1075,-2.72172],[-79.10984,-2.72095],[-79.11083,-2.72115],[-79.11296,-2.72012],[-79.11458,-2.71776],[-79.11599,-2.71664],[-79.11837,-2.71733],[-79.12004,-2.71677],[-79.11352,-2.7091],[-79.11376,-2.70878],[-79.113,-2.70821],[-79.11339,-2.70788],[-79.1115,-2.70672],[-79.11128,-2.70617],[-79.10885,-2.70565],[-79.09394,-2.69692],[-79.08095,-2.66452],[-79.08026,-2.64812],[-79.05441,-2.63783]]]}},{"type":"Feature","properties":{"unidadId":"chiquintad","nombreOficial":"CHIQUINTAD","codigoDPA":"010155","codigoCanton":"0101","codigoProvincia":"01","cantonOficial":"CUENCA","provinciaOficial":"AZUAY","tipoOficial":"PARROQUIA RURAL","resolucion":"parroquia","tipo":"rural","anioDPA":"2024","superficieKm2":93.445,"superficieCalculadaEn":"EPSG:32717 sobre la geometria COMPLETA, antes de simplificar","puntosOriginales":22195,"puntosSimplificados":289,"verificado":true},"geometry":{"type":"Polygon","coordinates":[[[-79.13479,-2.71414],[-79.13408,-2.71466],[-79.13448,-2.71552],[-79.13402,-2.71569],[-79.13356,-2.71528],[-79.1337,-2.71487],[-79.13214,-2.71514],[-79.12991,-2.71448],[-79.12706,-2.71594],[-79.12453,-2.716],[-79.12225,-2.71523],[-79.12194,-2.71651],[-79.11843,-2.71733],[-79.11599,-2.71664],[-79.11458,-2.71776],[-79.11296,-2.72012],[-79.11083,-2.72115],[-79.10984,-2.72095],[-79.1075,-2.72172],[-79.1072,-2.72131],[-79.10626,-2.72133],[-79.106,-2.72079],[-79.10593,-2.72166],[-79.10472,-2.72117],[-79.10271,-2.72206],[-79.10227,-2.72153],[-79.10172,-2.72192],[-79.10186,-2.72227],[-79.10059,-2.72208],[-79.10048,-2.72259],[-79.09997,-2.72227],[-79.09997,-2.72321],[-79.09942,-2.72278],[-79.09922,-2.72342],[-79.09872,-2.72314],[-79.0987,-2.72345],[-79.09552,-2.72376],[-79.09435,-2.72445],[-79.09308,-2.72431],[-79.0928,-2.72487],[-79.09051,-2.72579],[-79.08944,-2.72704],[-79.07829,-2.73049],[-79.07529,-2.73058],[-79.07054,-2.72924],[-79.06978,-2.7286],[-79.06314,-2.7285],[-79.06198,-2.72671],[-79.06092,-2.72626],[-79.05927,-2.7263],[-79.05595,-2.72852],[-79.05498,-2.72794],[-79.05355,-2.72804],[-79.05337,-2.72703],[-79.04761,-2.73059],[-79.04676,-2.73028],[-79.0461,-2.73105],[-79.04579,-2.73261],[-79.04512,-2.73271],[-79.04381,-2.73391],[-79.04317,-2.73383],[-79.04054,-2.73689],[-79.03875,-2.73774],[-79.0379,-2.73967],[-79.0372,-2.73957],[-79.03484,-2.74154],[-79.03421,-2.74262],[-79.03125,-2.74379],[-79.02982,-2.74532],[-79.02725,-2.74703],[-79.02688,-2.74801],[-79.02582,-2.74856],[-79.02555,-2.74947],[-79.02391,-2.75001],[-79.02345,-2.75089],[-79.02232,-2.7511],[-79.02201,-2.75209],[-79.02111,-2.75282],[-79.01605,-2.75557],[-79.01531,-2.75531],[-79.01269,-2.75586],[-79.01308,-2.75916],[-79.0121,-2.76134],[-79.01308,-2.7618],[-79.01333,-2.76238],[-79.01295,-2.76338],[-79.01423,-2.76458],[-79.0148,-2.76938],[-79.01418,-2.77014],[-79.0143,-2.77096],[-79.01338,-2.77245],[-79.01258,-2.77582],[-79.01192,-2.77702],[-79.01117,-2.77741],[-79.01052,-2.78045],[-79.00934,-2.78107],[-79.00914,-2.78237],[-79.00837,-2.7835],[-79.00877,-2.78561],[-79.00774,-2.78918],[-79.008,-2.79022],[-79.00685,-2.79222],[-79.00729,-2.79307],[-79.00698,-2.79433],[-79.00776,-2.79626],[-79.00738,-2.79775],[-79.00792,-2.79882],[-79.00725,-2.80089],[-79.00527,-2.80252],[-79.00494,-2.8037],[-79.00208,-2.80491],[-79.00097,-2.80737],[-78.99892,-2.80833],[-78.9981,-2.8099],[-78.99817,-2.81129],[-78.99724,-2.81158],[-78.99469,-2.81521],[-78.99275,-2.81678],[-78.9906,-2.81774],[-78.98939,-2.81933],[-78.98783,-2.824],[-78.98724,-2.82462],[-78.98656,-2.82724],[-78.98717,-2.82768],[-78.98774,-2.82729],[-78.9884,-2.82766],[-78.98681,-2.8296],[-78.98588,-2.8326],[-78.98583,-2.83505],[-78.9873,-2.83869],[-78.98673,-2.84038],[-78.98649,-2.8491],[-78.98566,-2.85178],[-78.98583,-2.85438],[-78.98767,-2.85386],[-78.98765,-2.85289],[-78.9882,-2.85275],[-78.98918,-2.85111],[-78.9891,-2.8497],[-78.98863,-2.84897],[-78.98921,-2.84847],[-78.98848,-2.84756],[-78.98949,-2.84686],[-78.98971,-2.84539],[-78.99092,-2.84496],[-78.99142,-2.84335],[-78.99202,-2.84352],[-78.99184,-2.84263],[-78.99225,-2.84151],[-78.9935,-2.84159],[-78.99376,-2.84109],[-78.99455,-2.84134],[-78.99607,-2.84007],[-78.99659,-2.83879],[-78.9974,-2.8389],[-78.99761,-2.83854],[-78.99799,-2.83892],[-78.99938,-2.8385],[-79.00008,-2.83756],[-79.00013,-2.83534],[-79.00082,-2.834],[-79.00149,-2.8336],[-79.00218,-2.83171],[-79.00519,-2.83241],[-79.0067,-2.83137],[-79.008,-2.83122],[-79.00889,-2.83003],[-79.01095,-2.82986],[-79.01185,-2.82752],[-79.01237,-2.82711],[-79.01534,-2.82629],[-79.01849,-2.82679],[-79.02055,-2.8263],[-79.02216,-2.82511],[-79.0228,-2.82393],[-79.02437,-2.82301],[-79.02463,-2.82237],[-79.02562,-2.82217],[-79.02734,-2.82091],[-79.02893,-2.82063],[-79.02984,-2.82103],[-79.03025,-2.82046],[-79.03003,-2.81997],[-79.03128,-2.81946],[-79.03232,-2.81832],[-79.0328,-2.81645],[-79.03354,-2.81619],[-79.03392,-2.81502],[-79.03456,-2.81524],[-79.03488,-2.81466],[-79.03555,-2.81489],[-79.03846,-2.81404],[-79.03905,-2.81351],[-79.03985,-2.81358],[-79.04017,-2.81257],[-79.0424,-2.81163],[-79.0424,-2.81054],[-79.04351,-2.80936],[-79.04365,-2.80814],[-79.04506,-2.80766],[-79.04518,-2.80666],[-79.04617,-2.80697],[-79.04732,-2.80665],[-79.04901,-2.80416],[-79.05083,-2.8042],[-79.05295,-2.80343],[-79.05346,-2.80379],[-79.0537,-2.80344],[-79.05451,-2.80352],[-79.05457,-2.80385],[-79.05617,-2.80359],[-79.05744,-2.80329],[-79.05842,-2.80252],[-79.05979,-2.80075],[-79.06043,-2.79601],[-79.06192,-2.79464],[-79.06343,-2.79419],[-79.06461,-2.79439],[-79.06938,-2.79677],[-79.06985,-2.79404],[-79.06787,-2.79102],[-79.07135,-2.78765],[-79.07251,-2.78502],[-79.0753,-2.78463],[-79.07809,-2.78545],[-79.08259,-2.78358],[-79.08351,-2.7818],[-79.08412,-2.7791],[-79.08597,-2.77762],[-79.08827,-2.77702],[-79.08884,-2.77462],[-79.09142,-2.77255],[-79.09197,-2.77112],[-79.09327,-2.76956],[-79.09622,-2.7685],[-79.09697,-2.76554],[-79.09774,-2.76461],[-79.09787,-2.76253],[-79.10115,-2.75975],[-79.1025,-2.75911],[-79.10295,-2.75845],[-79.10271,-2.75798],[-79.10457,-2.75539],[-79.1043,-2.75407],[-79.10464,-2.75306],[-79.10429,-2.75264],[-79.10531,-2.75193],[-79.10586,-2.75068],[-79.10591,-2.74847],[-79.10531,-2.74737],[-79.10669,-2.74639],[-79.10605,-2.74562],[-79.10665,-2.74502],[-79.10785,-2.74466],[-79.10902,-2.74493],[-79.11088,-2.74376],[-79.11279,-2.74495],[-79.11368,-2.74311],[-79.11364,-2.74185],[-79.11549,-2.74313],[-79.11679,-2.74199],[-79.1217,-2.74172],[-79.12453,-2.73956],[-79.12514,-2.74025],[-79.12737,-2.7404],[-79.12893,-2.7396],[-79.13015,-2.73952],[-79.1338,-2.73753],[-79.1347,-2.7383],[-79.13684,-2.73807],[-79.13814,-2.73733],[-79.13851,-2.73585],[-79.13973,-2.73419],[-79.14128,-2.7334],[-79.14303,-2.73375],[-79.14506,-2.73278],[-79.14556,-2.73314],[-79.14576,-2.73427],[-79.14621,-2.73364],[-79.14631,-2.73215],[-79.14482,-2.73048],[-79.14449,-2.72867],[-79.14469,-2.7263],[-79.14289,-2.72482],[-79.14107,-2.72232],[-79.14174,-2.71967],[-79.14304,-2.71726],[-79.14363,-2.71414],[-79.13479,-2.71414]]]}},{"type":"Feature","properties":{"unidadId":"llacao","nombreOficial":"LLACAO","codigoDPA":"010156","codigoCanton":"0101","codigoProvincia":"01","cantonOficial":"CUENCA","provinciaOficial":"AZUAY","tipoOficial":"PARROQUIA RURAL","resolucion":"parroquia","tipo":"rural","anioDPA":"2024","superficieKm2":15.961,"superficieCalculadaEn":"EPSG:32717 sobre la geometria COMPLETA, antes de simplificar","puntosOriginales":8259,"puntosSimplificados":90,"verificado":true},"geometry":{"type":"Polygon","coordinates":[[[-78.94885,-2.8194],[-78.94568,-2.8243],[-78.94451,-2.82892],[-78.93973,-2.83173],[-78.93726,-2.83179],[-78.93726,-2.83374],[-78.92389,-2.83374],[-78.92389,-2.82819],[-78.92356,-2.82818],[-78.92141,-2.82985],[-78.92073,-2.83117],[-78.91741,-2.83186],[-78.91685,-2.83417],[-78.91578,-2.83522],[-78.91428,-2.83542],[-78.91319,-2.83504],[-78.91121,-2.83674],[-78.90845,-2.83621],[-78.90693,-2.83647],[-78.90487,-2.83579],[-78.90296,-2.83609],[-78.90125,-2.83737],[-78.89968,-2.83745],[-78.8968,-2.83594],[-78.89476,-2.83605],[-78.89294,-2.83427],[-78.88966,-2.8361],[-78.88845,-2.83724],[-78.88764,-2.83685],[-78.88652,-2.83519],[-78.88497,-2.83708],[-78.88187,-2.83764],[-78.8809,-2.84119],[-78.88368,-2.84069],[-78.88731,-2.84134],[-78.88772,-2.84427],[-78.88926,-2.84534],[-78.89031,-2.84545],[-78.89065,-2.84422],[-78.8988,-2.84479],[-78.90568,-2.84398],[-78.9081,-2.84431],[-78.91568,-2.84685],[-78.91917,-2.85016],[-78.92583,-2.85313],[-78.9308,-2.85713],[-78.93152,-2.85599],[-78.93331,-2.85678],[-78.93562,-2.85891],[-78.93687,-2.85903],[-78.93727,-2.85984],[-78.93771,-2.85967],[-78.93832,-2.86033],[-78.93898,-2.86043],[-78.9403,-2.85961],[-78.94198,-2.86],[-78.94181,-2.85843],[-78.94216,-2.85824],[-78.9448,-2.85917],[-78.94715,-2.85738],[-78.94733,-2.85682],[-78.94877,-2.85684],[-78.9496,-2.85611],[-78.94951,-2.85515],[-78.95127,-2.85379],[-78.95263,-2.85201],[-78.95503,-2.85114],[-78.95638,-2.84989],[-78.95639,-2.8493],[-78.95727,-2.8488],[-78.95693,-2.84771],[-78.95563,-2.84775],[-78.9555,-2.84664],[-78.95671,-2.84542],[-78.95665,-2.84409],[-78.95772,-2.84273],[-78.95735,-2.84224],[-78.95636,-2.84223],[-78.95606,-2.84167],[-78.95673,-2.83978],[-78.9573,-2.83948],[-78.95843,-2.8371],[-78.95801,-2.83679],[-78.9582,-2.83619],[-78.9588,-2.8352],[-78.9595,-2.83495],[-78.95664,-2.83106],[-78.95319,-2.82936],[-78.95061,-2.82175],[-78.94885,-2.8194]]]}},{"type":"Feature","properties":{"unidadId":"molleturo","nombreOficial":"MOLLETURO","codigoDPA":"010157","codigoCanton":"0101","codigoProvincia":"01","cantonOficial":"CUENCA","provinciaOficial":"AZUAY","tipoOficial":"PARROQUIA RURAL","resolucion":"parroquia","tipo":"rural","anioDPA":"2024","superficieKm2":983.77,"superficieCalculadaEn":"EPSG:32717 sobre la geometria COMPLETA, antes de simplificar","puntosOriginales":60032,"puntosSimplificados":551,"verificado":true},"geometry":{"type":"Polygon","coordinates":[[[-79.3917,-2.5246],[-79.3917,-2.52965],[-79.37919,-2.52965],[-79.38001,-2.53244],[-79.37981,-2.53475],[-79.37844,-2.53679],[-79.37839,-2.53792],[-79.3776,-2.53857],[-79.37753,-2.54124],[-79.37596,-2.5442],[-79.36193,-2.5442],[-79.36193,-2.55118],[-79.36029,-2.55352],[-79.35873,-2.5574],[-79.35711,-2.55918],[-79.35602,-2.55953],[-79.35579,-2.56144],[-79.35606,-2.56761],[-79.36737,-2.56761],[-79.36555,-2.5694],[-79.36539,-2.57161],[-79.3623,-2.57497],[-79.35852,-2.57472],[-79.355,-2.5775],[-79.34779,-2.57781],[-79.34586,-2.576],[-79.34224,-2.5743],[-79.34187,-2.57347],[-79.34083,-2.57312],[-79.33928,-2.57149],[-79.33732,-2.57221],[-79.32938,-2.57201],[-79.32782,-2.57267],[-79.32656,-2.5739],[-79.32426,-2.57344],[-79.32139,-2.57529],[-79.31477,-2.57253],[-79.3132,-2.57135],[-79.31213,-2.57113],[-79.31091,-2.56954],[-79.30943,-2.5691],[-79.30863,-2.56973],[-79.30824,-2.57096],[-79.30721,-2.57137],[-79.30542,-2.57128],[-79.30418,-2.57202],[-79.30376,-2.57251],[-79.30458,-2.57524],[-79.30623,-2.57784],[-79.30619,-2.58067],[-79.30709,-2.58527],[-79.30652,-2.58832],[-79.30674,-2.58991],[-79.30859,-2.59454],[-79.30882,-2.5963],[-79.30813,-2.5976],[-79.30843,-2.60063],[-79.30812,-2.60335],[-79.30648,-2.60604],[-79.3067,-2.60841],[-79.30588,-2.61093],[-79.30611,-2.61183],[-79.30497,-2.61319],[-79.3044,-2.61469],[-79.30413,-2.61861],[-79.30278,-2.62039],[-79.30051,-2.62093],[-79.29931,-2.62176],[-79.29748,-2.62474],[-79.29506,-2.6249],[-79.29458,-2.62664],[-79.29503,-2.62879],[-79.29259,-2.63095],[-79.29128,-2.63297],[-79.29052,-2.63309],[-79.29024,-2.63388],[-79.2891,-2.63414],[-79.28845,-2.63539],[-79.28672,-2.63697],[-79.28631,-2.63831],[-79.28439,-2.64098],[-79.28266,-2.64216],[-79.28233,-2.64407],[-79.28104,-2.64552],[-79.28133,-2.64856],[-79.28029,-2.65047],[-79.27692,-2.65139],[-79.27643,-2.6529],[-79.27474,-2.65382],[-79.27391,-2.65555],[-79.27173,-2.65647],[-79.26877,-2.65669],[-79.26777,-2.65758],[-79.26614,-2.66066],[-79.26531,-2.66094],[-79.26253,-2.66041],[-79.259,-2.66157],[-79.25812,-2.66288],[-79.25863,-2.66567],[-79.25766,-2.66759],[-79.25569,-2.66953],[-79.25302,-2.67049],[-79.2517,-2.67244],[-79.24924,-2.67336],[-79.24875,-2.67428],[-79.24749,-2.67511],[-79.24486,-2.67496],[-79.2427,-2.67604],[-79.2424,-2.67696],[-79.24165,-2.67701],[-79.24146,-2.67761],[-79.2407,-2.67764],[-79.23966,-2.67931],[-79.23977,-2.6807],[-79.23913,-2.68125],[-79.23932,-2.68381],[-79.23877,-2.68558],[-79.23645,-2.688],[-79.2339,-2.6922],[-79.23287,-2.69261],[-79.23232,-2.69358],[-79.23156,-2.69365],[-79.23096,-2.69266],[-79.22818,-2.69155],[-79.22609,-2.69171],[-79.224,-2.69021],[-79.22241,-2.69011],[-79.22027,-2.69068],[-79.21924,-2.69041],[-79.21811,-2.68934],[-79.21722,-2.68938],[-79.21689,-2.68609],[-79.21654,-2.68589],[-79.20633,-2.69266],[-79.20197,-2.70564],[-79.20726,-2.70639],[-79.20775,-2.70591],[-79.2082,-2.70635],[-79.20936,-2.70592],[-79.21412,-2.70916],[-79.21718,-2.71058],[-79.21909,-2.7112],[-79.22149,-2.71058],[-79.22299,-2.71175],[-79.22378,-2.71141],[-79.22364,-2.7126],[-79.22421,-2.7133],[-79.22382,-2.71604],[-79.22443,-2.71662],[-79.22496,-2.71835],[-79.22618,-2.71879],[-79.22641,-2.71948],[-79.22784,-2.72052],[-79.22915,-2.72322],[-79.23166,-2.72508],[-79.23415,-2.72816],[-79.23358,-2.72997],[-79.23505,-2.73518],[-79.23568,-2.73549],[-79.23469,-2.7395],[-79.23477,-2.74437],[-79.23431,-2.74565],[-79.2351,-2.74807],[-79.23466,-2.74989],[-79.2363,-2.75274],[-79.23689,-2.75304],[-79.23652,-2.75338],[-79.23956,-2.75468],[-79.2401,-2.75547],[-79.2429,-2.75615],[-79.24342,-2.75687],[-79.2437,-2.75876],[-79.2444,-2.7597],[-79.24629,-2.76005],[-79.24642,-2.76412],[-79.2459,-2.76727],[-79.24455,-2.76812],[-79.24288,-2.77047],[-79.24322,-2.77379],[-79.24212,-2.7777],[-79.24021,-2.77884],[-79.23699,-2.78222],[-79.236,-2.78253],[-79.23472,-2.78734],[-79.23353,-2.7884],[-79.23366,-2.79097],[-79.23258,-2.79244],[-79.23241,-2.79392],[-79.23621,-2.79548],[-79.23621,-2.79666],[-79.23544,-2.79788],[-79.23251,-2.79994],[-79.23301,-2.80074],[-79.23269,-2.80244],[-79.22962,-2.80758],[-79.23019,-2.80809],[-79.23006,-2.80985],[-79.23068,-2.81105],[-79.23228,-2.81206],[-79.23424,-2.81449],[-79.23679,-2.81591],[-79.23883,-2.81631],[-79.24059,-2.81757],[-79.24176,-2.81743],[-79.24255,-2.81831],[-79.24181,-2.8216],[-79.24211,-2.82262],[-79.24179,-2.82464],[-79.24092,-2.82664],[-79.24164,-2.82707],[-79.24199,-2.82842],[-79.24345,-2.82968],[-79.24368,-2.83088],[-79.24901,-2.83621],[-79.24928,-2.83762],[-79.25004,-2.83865],[-79.25106,-2.83824],[-79.25263,-2.83888],[-79.25293,-2.84045],[-79.25416,-2.841],[-79.2543,-2.84199],[-79.25926,-2.8438],[-79.26061,-2.84358],[-79.26192,-2.84834],[-79.263,-2.84833],[-79.26623,-2.84547],[-79.26661,-2.84455],[-79.26572,-2.84346],[-79.26658,-2.84306],[-79.27586,-2.85281],[-79.27855,-2.8527],[-79.28051,-2.8516],[-79.28144,-2.85063],[-79.28179,-2.84883],[-79.28368,-2.84664],[-79.28742,-2.85233],[-79.28776,-2.85377],[-79.2892,-2.85471],[-79.29047,-2.85362],[-79.29258,-2.85385],[-79.29394,-2.85354],[-79.29544,-2.85113],[-79.29634,-2.85074],[-79.29818,-2.85162],[-79.29977,-2.85099],[-79.30273,-2.8515],[-79.30377,-2.85292],[-79.30532,-2.8529],[-79.30694,-2.85537],[-79.30818,-2.85305],[-79.309,-2.85299],[-79.31004,-2.85185],[-79.30974,-2.84604],[-79.31033,-2.84415],[-79.31259,-2.84342],[-79.31382,-2.84389],[-79.31456,-2.84371],[-79.317,-2.84418],[-79.31932,-2.84514],[-79.31946,-2.84564],[-79.32127,-2.84581],[-79.32176,-2.8438],[-79.32351,-2.84167],[-79.3274,-2.84093],[-79.32874,-2.8397],[-79.33236,-2.84089],[-79.33214,-2.84376],[-79.33124,-2.84536],[-79.33213,-2.84696],[-79.33435,-2.84589],[-79.33532,-2.84623],[-79.33686,-2.84587],[-79.33828,-2.84461],[-79.34274,-2.84542],[-79.34262,-2.84442],[-79.34326,-2.84259],[-79.35171,-2.84848],[-79.35391,-2.84705],[-79.35658,-2.8464],[-79.35826,-2.84725],[-79.36145,-2.84728],[-79.36356,-2.84692],[-79.36547,-2.84583],[-79.36855,-2.84557],[-79.37015,-2.84595],[-79.37459,-2.84933],[-79.37868,-2.84818],[-79.38125,-2.84876],[-79.3831,-2.84989],[-79.38423,-2.84996],[-79.38574,-2.84933],[-79.38671,-2.85067],[-79.38812,-2.85123],[-79.38919,-2.85096],[-79.38967,-2.85141],[-79.3909,-2.85144],[-79.39328,-2.85033],[-79.39422,-2.85102],[-79.39633,-2.85148],[-79.3968,-2.85251],[-79.39819,-2.85355],[-79.40091,-2.85432],[-79.40146,-2.85513],[-79.4027,-2.85496],[-79.40313,-2.85579],[-79.40498,-2.85656],[-79.40621,-2.85901],[-79.40719,-2.85946],[-79.40779,-2.86109],[-79.40769,-2.86237],[-79.4082,-2.86319],[-79.40903,-2.86356],[-79.40959,-2.866],[-79.41091,-2.86786],[-79.41398,-2.86991],[-79.41382,-2.87109],[-79.4149,-2.87081],[-79.41525,-2.87134],[-79.41681,-2.87152],[-79.41761,-2.87205],[-79.41734,-2.87342],[-79.41871,-2.87385],[-79.41879,-2.87432],[-79.42109,-2.87449],[-79.42383,-2.87297],[-79.42628,-2.87285],[-79.42822,-2.87201],[-79.42906,-2.87131],[-79.42891,-2.87052],[-79.42975,-2.86956],[-79.42951,-2.86878],[-79.42982,-2.86791],[-79.43055,-2.86738],[-79.43204,-2.86723],[-79.43266,-2.8666],[-79.43329,-2.86718],[-79.43397,-2.86667],[-79.43877,-2.8685],[-79.43931,-2.87],[-79.44069,-2.87059],[-79.444,-2.87065],[-79.44527,-2.87183],[-79.44514,-2.8725],[-79.44576,-2.87234],[-79.44708,-2.87339],[-79.44719,-2.87447],[-79.44937,-2.87507],[-79.44965,-2.8765],[-79.45031,-2.87642],[-79.45144,-2.87749],[-79.4536,-2.87816],[-79.45465,-2.87944],[-79.45595,-2.87879],[-79.45776,-2.88015],[-79.45873,-2.8797],[-79.46123,-2.88082],[-79.46197,-2.88072],[-79.46247,-2.88145],[-79.46257,-2.88401],[-79.46221,-2.88436],[-79.46263,-2.88553],[-79.46451,-2.88777],[-79.46432,-2.88924],[-79.46526,-2.88947],[-79.46651,-2.89142],[-79.46671,-2.89327],[-79.46752,-2.89406],[-79.46939,-2.8941],[-79.47069,-2.89505],[-79.4731,-2.89916],[-79.4739,-2.89947],[-79.47433,-2.90021],[-79.47454,-2.90246],[-79.47989,-2.90379],[-79.48082,-2.90299],[-79.48478,-2.90134],[-79.48524,-2.89992],[-79.48592,-2.89973],[-79.48786,-2.89788],[-79.489,-2.89796],[-79.48965,-2.89659],[-79.49128,-2.89541],[-79.49231,-2.89581],[-79.49393,-2.89574],[-79.4964,-2.89465],[-79.50367,-2.89675],[-79.50522,-2.89553],[-79.50719,-2.89507],[-79.50936,-2.89302],[-79.51051,-2.89282],[-79.51081,-2.89215],[-79.51203,-2.89137],[-79.5155,-2.89027],[-79.51678,-2.89047],[-79.51799,-2.89192],[-79.51996,-2.89255],[-79.52257,-2.89231],[-79.52424,-2.89291],[-79.52719,-2.89309],[-79.52787,-2.89248],[-79.52912,-2.89268],[-79.53045,-2.89169],[-79.532,-2.89193],[-79.53298,-2.89274],[-79.53595,-2.89228],[-79.5368,-2.89331],[-79.53943,-2.89213],[-79.54073,-2.89225],[-79.54147,-2.89174],[-79.54372,-2.89143],[-79.54455,-2.89006],[-79.54563,-2.88962],[-79.54905,-2.88894],[-79.55077,-2.88954],[-79.55077,-2.88104],[-79.55166,-2.8773],[-79.55225,-2.87747],[-79.5529,-2.87848],[-79.55447,-2.87838],[-79.55619,-2.87764],[-79.55771,-2.87783],[-79.55826,-2.8773],[-79.55867,-2.87849],[-79.55993,-2.87876],[-79.56153,-2.87797],[-79.56286,-2.87659],[-79.56418,-2.87674],[-79.56567,-2.87613],[-79.56685,-2.87651],[-79.56891,-2.87588],[-79.57083,-2.87784],[-79.57256,-2.87668],[-79.57353,-2.87678],[-79.57492,-2.87567],[-79.5767,-2.8756],[-79.57755,-2.87512],[-79.5786,-2.87673],[-79.581,-2.87518],[-79.58378,-2.87558],[-79.58502,-2.87709],[-79.58576,-2.87732],[-79.5889,-2.87694],[-79.59029,-2.87628],[-79.5917,-2.8766],[-79.59431,-2.87277],[-79.5974,-2.87172],[-79.59857,-2.87026],[-79.60005,-2.86667],[-79.60129,-2.86665],[-79.60198,-2.8598],[-79.60103,-2.85856],[-79.60139,-2.85775],[-79.60392,-2.85701],[-79.60595,-2.8551],[-79.61044,-2.8574],[-79.61125,-2.85717],[-79.61482,-2.85417],[-79.62247,-2.85446],[-79.62671,-2.85243],[-79.6286,-2.85054],[-79.63301,-2.84895],[-79.63482,-2.84913],[-79.63695,-2.84667],[-79.64136,-2.84379],[-79.64809,-2.84236],[-79.652,-2.83923],[-79.65317,-2.83709],[-79.65502,-2.83728],[-79.65741,-2.83424],[-79.65881,-2.83412],[-79.66219,-2.83251],[-79.66589,-2.82953],[-79.67032,-2.82485],[-79.65918,-2.81966],[-79.65922,-2.81887],[-79.65866,-2.81854],[-79.65097,-2.81756],[-79.64916,-2.81902],[-79.64707,-2.81947],[-79.64285,-2.81628],[-79.64009,-2.81558],[-79.63876,-2.81601],[-79.63778,-2.81551],[-79.63647,-2.81811],[-79.6369,-2.81881],[-79.63647,-2.82133],[-79.63595,-2.82163],[-79.63634,-2.82246],[-79.63599,-2.82336],[-79.63434,-2.82309],[-79.63158,-2.82374],[-79.63014,-2.82362],[-79.62834,-2.82145],[-79.62676,-2.82058],[-79.62592,-2.81894],[-79.62268,-2.81592],[-79.62253,-2.81463],[-79.62187,-2.81416],[-79.61795,-2.81424],[-79.50294,-2.76774],[-79.4883,-2.69298],[-79.48697,-2.67785],[-79.46004,-2.65739],[-79.46446,-2.64524],[-79.46386,-2.63839],[-79.46492,-2.63431],[-79.4664,-2.63262],[-79.46618,-2.62908],[-79.4672,-2.6267],[-79.46731,-2.62509],[-79.47147,-2.62193],[-79.47172,-2.6201],[-79.4731,-2.61854],[-79.4731,-2.60757],[-79.45231,-2.60757],[-79.45046,-2.60843],[-79.44951,-2.61032],[-79.44757,-2.61121],[-79.44584,-2.60955],[-79.44434,-2.61014],[-79.44329,-2.60992],[-79.44422,-2.60946],[-79.44419,-2.60903],[-79.44173,-2.60519],[-79.44147,-2.60383],[-79.44052,-2.60318],[-79.43844,-2.60325],[-79.4383,-2.60239],[-79.43717,-2.60176],[-79.43645,-2.60221],[-79.43626,-2.60353],[-79.43533,-2.60344],[-79.43361,-2.60443],[-79.43128,-2.60448],[-79.42786,-2.60629],[-79.42599,-2.60621],[-79.425,-2.60678],[-79.425,-2.55577],[-79.42625,-2.555],[-79.42739,-2.55347],[-79.42829,-2.5531],[-79.42829,-2.51804],[-79.42463,-2.52059],[-79.42229,-2.52047],[-79.42054,-2.52107],[-79.41959,-2.52014],[-79.41705,-2.52092],[-79.41622,-2.52046],[-79.41168,-2.52063],[-79.39749,-2.5169],[-79.3917,-2.5246]]]}},{"type":"Feature","properties":{"unidadId":"nulti","nombreOficial":"NULTI","codigoDPA":"010158","codigoCanton":"0101","codigoProvincia":"01","cantonOficial":"CUENCA","provinciaOficial":"AZUAY","tipoOficial":"PARROQUIA RURAL","resolucion":"parroquia","tipo":"rural","anioDPA":"2024","superficieKm2":27.036,"superficieCalculadaEn":"EPSG:32717 sobre la geometria COMPLETA, antes de simplificar","puntosOriginales":3121,"puntosSimplificados":133,"verificado":true},"geometry":{"type":"Polygon","coordinates":[[[-78.87271,-2.83786],[-78.87013,-2.84082],[-78.86896,-2.8412],[-78.86776,-2.84118],[-78.86647,-2.8405],[-78.86388,-2.8413],[-78.86061,-2.8409],[-78.85952,-2.84322],[-78.85982,-2.84497],[-78.85907,-2.84697],[-78.85236,-2.85093],[-78.8499,-2.85135],[-78.84732,-2.85251],[-78.84862,-2.85647],[-78.84961,-2.8566],[-78.85026,-2.8578],[-78.85222,-2.85934],[-78.85239,-2.86158],[-78.85506,-2.86394],[-78.85622,-2.86638],[-78.85652,-2.86817],[-78.85793,-2.86951],[-78.86107,-2.87001],[-78.86249,-2.8692],[-78.86471,-2.869],[-78.87018,-2.87082],[-78.87097,-2.87038],[-78.87098,-2.86907],[-78.87215,-2.86861],[-78.87373,-2.86974],[-78.8751,-2.86943],[-78.87655,-2.87074],[-78.87904,-2.87041],[-78.87862,-2.8732],[-78.87999,-2.87467],[-78.88017,-2.87777],[-78.88134,-2.87723],[-78.88346,-2.87768],[-78.88421,-2.87846],[-78.88376,-2.87968],[-78.88411,-2.88023],[-78.88621,-2.87907],[-78.88697,-2.87918],[-78.88867,-2.88376],[-78.88885,-2.88621],[-78.89035,-2.88678],[-78.89051,-2.88908],[-78.89149,-2.89019],[-78.89277,-2.88832],[-78.89855,-2.88437],[-78.90338,-2.88543],[-78.90544,-2.88292],[-78.90805,-2.88415],[-78.91374,-2.88336],[-78.91444,-2.88409],[-78.91536,-2.8831],[-78.91504,-2.88203],[-78.91712,-2.88064],[-78.91958,-2.88177],[-78.92207,-2.88207],[-78.92318,-2.8808],[-78.92499,-2.88011],[-78.92654,-2.8778],[-78.92786,-2.87676],[-78.92912,-2.87647],[-78.92955,-2.87728],[-78.93076,-2.87642],[-78.9323,-2.87701],[-78.93379,-2.8766],[-78.93437,-2.87551],[-78.93564,-2.87544],[-78.93652,-2.87572],[-78.93732,-2.87678],[-78.93914,-2.87524],[-78.93991,-2.87512],[-78.93537,-2.8676],[-78.93236,-2.86441],[-78.92916,-2.86309],[-78.92709,-2.86073],[-78.92666,-2.86155],[-78.92687,-2.86246],[-78.92627,-2.86325],[-78.92644,-2.86395],[-78.92439,-2.86349],[-78.92316,-2.86227],[-78.9222,-2.86507],[-78.91978,-2.86216],[-78.91941,-2.86253],[-78.91915,-2.8622],[-78.91796,-2.86323],[-78.91721,-2.863],[-78.91704,-2.86153],[-78.9147,-2.86174],[-78.91487,-2.86286],[-78.91298,-2.86275],[-78.91281,-2.86083],[-78.91097,-2.86034],[-78.91104,-2.85978],[-78.90842,-2.85942],[-78.90823,-2.86001],[-78.90645,-2.85923],[-78.90673,-2.85884],[-78.90523,-2.85835],[-78.90413,-2.85729],[-78.9038,-2.85791],[-78.90348,-2.85777],[-78.90282,-2.85645],[-78.90271,-2.85762],[-78.90145,-2.85761],[-78.9014,-2.85716],[-78.89888,-2.85587],[-78.89933,-2.85368],[-78.89869,-2.85317],[-78.89901,-2.85258],[-78.89711,-2.85216],[-78.89633,-2.85245],[-78.8957,-2.85136],[-78.89297,-2.85039],[-78.89188,-2.84928],[-78.89058,-2.84914],[-78.89058,-2.84708],[-78.88758,-2.84566],[-78.88804,-2.84511],[-78.89031,-2.84545],[-78.88885,-2.84526],[-78.8879,-2.84454],[-78.8874,-2.8414],[-78.88368,-2.84069],[-78.88049,-2.84128],[-78.87631,-2.84089],[-78.87534,-2.8404],[-78.87375,-2.83838],[-78.87271,-2.83786]]]}},{"type":"Feature","properties":{"unidadId":"octavio-cordero-palacios","nombreOficial":"OCTAVIO CORDERO PALACIOS","codigoDPA":"010159","codigoCanton":"0101","codigoProvincia":"01","cantonOficial":"CUENCA","provinciaOficial":"AZUAY","tipoOficial":"PARROQUIA RURAL","resolucion":"parroquia","tipo":"rural","anioDPA":"2024","superficieKm2":20.879,"superficieCalculadaEn":"EPSG:32717 sobre la geometria COMPLETA, antes de simplificar","puntosOriginales":2405,"puntosSimplificados":88,"verificado":true},"geometry":{"type":"Polygon","coordinates":[[[-78.98081,-2.74664],[-78.97698,-2.74713],[-78.97356,-2.74878],[-78.97242,-2.75005],[-78.97085,-2.75343],[-78.96897,-2.75337],[-78.9686,-2.75432],[-78.96764,-2.75488],[-78.96648,-2.7566],[-78.96557,-2.75706],[-78.9635,-2.76146],[-78.96156,-2.76239],[-78.96043,-2.76374],[-78.95581,-2.76723],[-78.95451,-2.76888],[-78.95279,-2.76899],[-78.95129,-2.77393],[-78.94852,-2.7756],[-78.94825,-2.77821],[-78.94863,-2.77919],[-78.94708,-2.78241],[-78.94642,-2.783],[-78.94615,-2.78462],[-78.9482,-2.78787],[-78.94837,-2.78908],[-78.94692,-2.79103],[-78.9463,-2.79294],[-78.94513,-2.79272],[-78.94596,-2.79555],[-78.94742,-2.79491],[-78.9484,-2.79616],[-78.94971,-2.79644],[-78.95113,-2.79888],[-78.95211,-2.79968],[-78.95661,-2.80079],[-78.95714,-2.80333],[-78.9596,-2.80473],[-78.96037,-2.80569],[-78.96096,-2.80473],[-78.96054,-2.8044],[-78.96064,-2.80241],[-78.96101,-2.80211],[-78.96028,-2.80182],[-78.9608,-2.80076],[-78.96062,-2.79955],[-78.96112,-2.79741],[-78.96194,-2.79698],[-78.96378,-2.79737],[-78.96847,-2.79679],[-78.97034,-2.79592],[-78.97536,-2.79515],[-78.98098,-2.79361],[-78.98133,-2.7924],[-78.982,-2.79227],[-78.98277,-2.78936],[-78.98607,-2.78726],[-78.98698,-2.78731],[-78.98768,-2.78676],[-78.9883,-2.78703],[-78.98924,-2.78631],[-78.99044,-2.78619],[-78.99381,-2.78274],[-78.99367,-2.77885],[-78.9941,-2.77656],[-78.99368,-2.77287],[-78.9932,-2.77226],[-78.99341,-2.77131],[-78.99092,-2.76932],[-78.99081,-2.76728],[-78.99012,-2.76605],[-78.98888,-2.76512],[-78.98795,-2.76531],[-78.98764,-2.76478],[-78.98836,-2.76271],[-78.98816,-2.76233],[-78.98906,-2.76192],[-78.98863,-2.75954],[-78.99048,-2.75811],[-78.99017,-2.75652],[-78.99077,-2.75438],[-78.99256,-2.75085],[-78.99164,-2.74953],[-78.98827,-2.74957],[-78.98693,-2.74901],[-78.98614,-2.74812],[-78.98384,-2.74821],[-78.98206,-2.74682],[-78.98081,-2.74664]]]}},{"type":"Feature","properties":{"unidadId":"paccha","nombreOficial":"PACCHA","codigoDPA":"010160","codigoCanton":"0101","codigoProvincia":"01","cantonOficial":"CUENCA","provinciaOficial":"AZUAY","tipoOficial":"PARROQUIA RURAL","resolucion":"parroquia","tipo":"rural","anioDPA":"2024","superficieKm2":25.272,"superficieCalculadaEn":"EPSG:32717 sobre la geometria COMPLETA, antes de simplificar","puntosOriginales":4383,"puntosSimplificados":102,"verificado":true},"geometry":{"type":"Polygon","coordinates":[[[-78.93988,-2.87514],[-78.93914,-2.87524],[-78.93732,-2.87678],[-78.93652,-2.87572],[-78.93564,-2.87544],[-78.93437,-2.87551],[-78.93379,-2.8766],[-78.9323,-2.87701],[-78.93076,-2.87642],[-78.92955,-2.87728],[-78.92912,-2.87647],[-78.92786,-2.87676],[-78.92654,-2.8778],[-78.92499,-2.88011],[-78.92318,-2.8808],[-78.92207,-2.88207],[-78.91958,-2.88177],[-78.91712,-2.88064],[-78.91504,-2.88203],[-78.91536,-2.8831],[-78.91444,-2.88409],[-78.91374,-2.88336],[-78.90805,-2.88415],[-78.90544,-2.88292],[-78.90338,-2.88543],[-78.89855,-2.88437],[-78.89274,-2.88834],[-78.89149,-2.89019],[-78.89174,-2.89146],[-78.89093,-2.89184],[-78.89168,-2.89268],[-78.89275,-2.89306],[-78.89307,-2.89676],[-78.89459,-2.89856],[-78.89527,-2.90048],[-78.89521,-2.90164],[-78.89586,-2.90244],[-78.89712,-2.90186],[-78.89715,-2.90064],[-78.89752,-2.90065],[-78.89864,-2.90202],[-78.90111,-2.90212],[-78.90123,-2.90302],[-78.90223,-2.90329],[-78.90371,-2.90512],[-78.90465,-2.90471],[-78.90573,-2.90574],[-78.90742,-2.9065],[-78.90836,-2.90617],[-78.90932,-2.90722],[-78.91065,-2.90724],[-78.91316,-2.90833],[-78.91508,-2.90853],[-78.91555,-2.90931],[-78.91678,-2.9098],[-78.9171,-2.91154],[-78.91773,-2.91216],[-78.91713,-2.91314],[-78.91771,-2.91435],[-78.91884,-2.91526],[-78.92045,-2.91533],[-78.92066,-2.91653],[-78.92174,-2.91836],[-78.92664,-2.92016],[-78.92776,-2.92228],[-78.92721,-2.92319],[-78.92829,-2.923],[-78.92888,-2.92477],[-78.93118,-2.92541],[-78.93216,-2.92707],[-78.93307,-2.92739],[-78.93284,-2.92804],[-78.93331,-2.92907],[-78.93444,-2.92917],[-78.93495,-2.92868],[-78.93577,-2.9289],[-78.93868,-2.9279],[-78.93812,-2.9233],[-78.93983,-2.92207],[-78.94318,-2.92078],[-78.94295,-2.91753],[-78.94457,-2.91689],[-78.94538,-2.91573],[-78.94674,-2.9156],[-78.94813,-2.91368],[-78.94817,-2.91203],[-78.94958,-2.91006],[-78.95316,-2.90758],[-78.95449,-2.90775],[-78.95469,-2.9072],[-78.95384,-2.90623],[-78.9566,-2.90613],[-78.95948,-2.90375],[-78.96102,-2.90358],[-78.96203,-2.90164],[-78.96273,-2.90221],[-78.96514,-2.89843],[-78.96133,-2.89493],[-78.95376,-2.88909],[-78.94844,-2.88584],[-78.94377,-2.87927],[-78.93988,-2.87514]]]}},{"type":"Feature","properties":{"unidadId":"quingeo","nombreOficial":"QUINGEO","codigoDPA":"010161","codigoCanton":"0101","codigoProvincia":"01","cantonOficial":"CUENCA","provinciaOficial":"AZUAY","tipoOficial":"PARROQUIA RURAL","resolucion":"parroquia","tipo":"rural","anioDPA":"2024","superficieKm2":116.915,"superficieCalculadaEn":"EPSG:32717 sobre la geometria COMPLETA, antes de simplificar","puntosOriginales":10015,"puntosSimplificados":227,"verificado":true},"geometry":{"type":"Polygon","coordinates":[[[-78.92335,-2.98517],[-78.9221,-2.98551],[-78.92164,-2.98745],[-78.92129,-2.98704],[-78.91985,-2.98733],[-78.91874,-2.98688],[-78.91876,-2.98623],[-78.91773,-2.98623],[-78.91361,-2.98753],[-78.91237,-2.98959],[-78.91149,-2.99023],[-78.91083,-2.99227],[-78.90978,-2.99373],[-78.90927,-2.99606],[-78.90753,-2.9972],[-78.90611,-2.99739],[-78.90427,-2.9992],[-78.90356,-2.99929],[-78.90295,-3.00118],[-78.90249,-3.0013],[-78.90234,-3.00195],[-78.90194,-3.00179],[-78.90072,-3.00397],[-78.89964,-3.00375],[-78.89769,-3.00434],[-78.89664,-3.00409],[-78.89493,-3.00505],[-78.89253,-3.00505],[-78.89122,-3.00452],[-78.88997,-3.00508],[-78.88522,-3.00489],[-78.88018,-3.00757],[-78.87855,-3.01109],[-78.87643,-3.01267],[-78.87596,-3.01438],[-78.87513,-3.01411],[-78.87635,-3.01559],[-78.87823,-3.01581],[-78.87965,-3.01655],[-78.87995,-3.01703],[-78.87972,-3.01814],[-78.8814,-3.02099],[-78.8811,-3.02467],[-78.88059,-3.02603],[-78.88166,-3.02775],[-78.88134,-3.02943],[-78.88086,-3.03014],[-78.87983,-3.03041],[-78.87963,-3.03246],[-78.87794,-3.03492],[-78.87827,-3.03663],[-78.87804,-3.03778],[-78.8794,-3.04003],[-78.88088,-3.04399],[-78.88395,-3.04578],[-78.88471,-3.0466],[-78.88532,-3.04826],[-78.88743,-3.05051],[-78.88938,-3.05066],[-78.89151,-3.05363],[-78.89439,-3.05516],[-78.89679,-3.06397],[-78.90423,-3.07232],[-78.90567,-3.07334],[-78.90881,-3.0739],[-78.91148,-3.07494],[-78.91502,-3.07531],[-78.91749,-3.07631],[-78.91997,-3.07812],[-78.92075,-3.07946],[-78.92257,-3.0797],[-78.92378,-3.08058],[-78.92435,-3.08397],[-78.92556,-3.08535],[-78.92718,-3.08608],[-78.92958,-3.08597],[-78.92938,-3.08646],[-78.93283,-3.08667],[-78.93489,-3.08862],[-78.93561,-3.08844],[-78.93656,-3.0894],[-78.93965,-3.09063],[-78.93953,-3.09245],[-78.94011,-3.09319],[-78.94047,-3.09515],[-78.94354,-3.09851],[-78.94534,-3.10201],[-78.94753,-3.10381],[-78.9472,-3.1061],[-78.94993,-3.10754],[-78.95338,-3.11313],[-78.95612,-3.11536],[-78.95686,-3.11681],[-78.95999,-3.11851],[-78.9626,-3.11893],[-78.96417,-3.12125],[-78.96639,-3.12065],[-78.96903,-3.12511],[-78.97237,-3.12693],[-78.97273,-3.12787],[-78.97355,-3.12846],[-78.97489,-3.12866],[-78.97619,-3.13023],[-78.97967,-3.13064],[-78.98284,-3.13323],[-78.98478,-3.13333],[-78.98559,-3.13402],[-78.98653,-3.13414],[-78.98871,-3.13191],[-78.99104,-3.13161],[-78.99463,-3.13673],[-78.99993,-3.13863],[-79.00193,-3.13821],[-79.00263,-3.13742],[-79.0034,-3.13749],[-79.00341,-3.13619],[-79.00216,-3.13566],[-79.00143,-3.13476],[-79.0016,-3.1323],[-79.00056,-3.13154],[-79.00083,-3.13059],[-79.00011,-3.12787],[-78.9984,-3.12518],[-78.9984,-3.12149],[-78.99933,-3.11847],[-78.99923,-3.11709],[-78.99873,-3.11634],[-78.99782,-3.116],[-78.997,-3.11652],[-78.99523,-3.1162],[-78.99484,-3.1157],[-78.99473,-3.11396],[-78.99398,-3.11363],[-78.99499,-3.1131],[-78.99555,-3.11391],[-78.99656,-3.11337],[-78.99669,-3.11283],[-78.99672,-3.10827],[-78.99598,-3.10646],[-78.99658,-3.10497],[-78.9959,-3.10335],[-78.99653,-3.10165],[-78.99566,-3.10013],[-78.99527,-3.09776],[-78.9961,-3.09438],[-78.99574,-3.09097],[-78.9964,-3.0885],[-78.99605,-3.08658],[-78.99551,-3.0859],[-78.99422,-3.08568],[-78.99329,-3.08387],[-78.99043,-3.08222],[-78.99083,-3.07865],[-78.99124,-3.07795],[-78.99058,-3.07577],[-78.98802,-3.07242],[-78.98788,-3.06999],[-78.98674,-3.06958],[-78.98585,-3.06842],[-78.98434,-3.06795],[-78.98319,-3.06624],[-78.9807,-3.06664],[-78.97999,-3.0662],[-78.97859,-3.06335],[-78.97952,-3.06175],[-78.97984,-3.05947],[-78.98143,-3.05633],[-78.98052,-3.05585],[-78.98028,-3.05479],[-78.97739,-3.05337],[-78.97754,-3.05101],[-78.97849,-3.04865],[-78.9774,-3.04651],[-78.97782,-3.04531],[-78.97733,-3.0428],[-78.97571,-3.04169],[-78.97453,-3.03992],[-78.97136,-3.04036],[-78.9693,-3.03995],[-78.96766,-3.04094],[-78.9664,-3.03764],[-78.96571,-3.0371],[-78.96555,-3.0336],[-78.96488,-3.03268],[-78.96493,-3.03137],[-78.96411,-3.03011],[-78.96148,-3.02779],[-78.96034,-3.02796],[-78.95658,-3.02522],[-78.95689,-3.02367],[-78.95603,-3.02189],[-78.95573,-3.02001],[-78.95733,-3.01409],[-78.95678,-3.01109],[-78.95556,-3.0092],[-78.95567,-3.00546],[-78.95437,-3.00413],[-78.95479,-3.00188],[-78.95413,-3.0006],[-78.95428,-2.9998],[-78.95361,-2.99881],[-78.95337,-2.99583],[-78.9525,-2.99434],[-78.95136,-2.9934],[-78.95109,-2.99086],[-78.95026,-2.9896],[-78.95024,-2.98816],[-78.94726,-2.98816],[-78.94691,-2.9886],[-78.94619,-2.9885],[-78.94533,-2.98936],[-78.94477,-2.98883],[-78.94381,-2.98924],[-78.94065,-2.98798],[-78.93929,-2.98806],[-78.93875,-2.98874],[-78.93805,-2.98871],[-78.93674,-2.98759],[-78.93484,-2.98713],[-78.92908,-2.9883],[-78.92826,-2.98742],[-78.92819,-2.98664],[-78.92749,-2.9871],[-78.92655,-2.98662],[-78.92445,-2.9867],[-78.92409,-2.98554],[-78.92335,-2.98517]]]}},{"type":"Feature","properties":{"unidadId":"ricaurte","nombreOficial":"RICAURTE","codigoDPA":"010162","codigoCanton":"0101","codigoProvincia":"01","cantonOficial":"CUENCA","provinciaOficial":"AZUAY","tipoOficial":"PARROQUIA RURAL","resolucion":"parroquia","tipo":"rural","anioDPA":"2024","superficieKm2":13.929,"superficieCalculadaEn":"EPSG:32717 sobre la geometria COMPLETA, antes de simplificar","puntosOriginales":10176,"puntosSimplificados":90,"verificado":true},"geometry":{"type":"Polygon","coordinates":[[[-78.96231,-2.83317],[-78.96126,-2.83369],[-78.96042,-2.83332],[-78.95939,-2.83351],[-78.95946,-2.83515],[-78.95881,-2.8352],[-78.95823,-2.83615],[-78.958,-2.83679],[-78.95843,-2.8371],[-78.95644,-2.84056],[-78.95608,-2.84188],[-78.95746,-2.84228],[-78.95772,-2.84277],[-78.95665,-2.84409],[-78.95671,-2.84542],[-78.95551,-2.84661],[-78.95563,-2.84776],[-78.95691,-2.8477],[-78.9573,-2.84827],[-78.95722,-2.84887],[-78.95636,-2.84934],[-78.95634,-2.84994],[-78.955,-2.85116],[-78.95264,-2.852],[-78.95127,-2.85379],[-78.9495,-2.85515],[-78.94957,-2.85614],[-78.94849,-2.857],[-78.94733,-2.85682],[-78.94715,-2.85738],[-78.94492,-2.85913],[-78.94404,-2.85914],[-78.94216,-2.85824],[-78.94181,-2.85843],[-78.94197,-2.86],[-78.94022,-2.85962],[-78.93876,-2.86045],[-78.9377,-2.85966],[-78.93727,-2.85984],[-78.93745,-2.86071],[-78.93687,-2.86175],[-78.93722,-2.86156],[-78.93906,-2.86273],[-78.94157,-2.86483],[-78.94071,-2.86552],[-78.94973,-2.87676],[-78.94997,-2.87638],[-78.95059,-2.87646],[-78.95136,-2.87722],[-78.95261,-2.8773],[-78.95432,-2.87651],[-78.95523,-2.87675],[-78.95623,-2.87586],[-78.95599,-2.87543],[-78.95669,-2.87499],[-78.95657,-2.8746],[-78.95839,-2.87357],[-78.95869,-2.87379],[-78.95927,-2.87277],[-78.96014,-2.8726],[-78.96136,-2.87039],[-78.96143,-2.86835],[-78.96194,-2.86838],[-78.96229,-2.86983],[-78.96555,-2.87534],[-78.96626,-2.87502],[-78.96629,-2.87677],[-78.97192,-2.87299],[-78.9724,-2.87167],[-78.97316,-2.87139],[-78.97473,-2.86958],[-78.97776,-2.86145],[-78.97735,-2.86078],[-78.97808,-2.86071],[-78.97974,-2.85713],[-78.97972,-2.85551],[-78.98105,-2.8513],[-78.98162,-2.84527],[-78.9822,-2.84378],[-78.98188,-2.83887],[-78.97771,-2.83818],[-78.9751,-2.83823],[-78.97367,-2.83593],[-78.97239,-2.8348],[-78.96912,-2.83505],[-78.96772,-2.83437],[-78.96706,-2.83503],[-78.96552,-2.83517],[-78.96379,-2.83373],[-78.96231,-2.83317]]]}},{"type":"Feature","properties":{"unidadId":"san-joaquin","nombreOficial":"SAN JOAQUÍN","codigoDPA":"010163","codigoCanton":"0101","codigoProvincia":"01","cantonOficial":"CUENCA","provinciaOficial":"AZUAY","tipoOficial":"PARROQUIA RURAL","resolucion":"parroquia","tipo":"rural","anioDPA":"2024","superficieKm2":204.179,"superficieCalculadaEn":"EPSG:32717 sobre la geometria COMPLETA, antes de simplificar","puntosOriginales":52696,"puntosSimplificados":459,"verificado":true},"geometry":{"type":"Polygon","coordinates":[[[-79.23801,-2.84848],[-79.23793,-2.85003],[-79.23621,-2.85182],[-79.2346,-2.85655],[-79.23369,-2.85698],[-79.23305,-2.85867],[-79.2327,-2.85797],[-79.2319,-2.85898],[-79.22937,-2.85851],[-79.22477,-2.86051],[-79.22335,-2.86189],[-79.2236,-2.8642],[-79.22236,-2.86691],[-79.22316,-2.86816],[-79.22233,-2.8686],[-79.22029,-2.87227],[-79.21955,-2.87581],[-79.21975,-2.87639],[-79.21912,-2.87676],[-79.21868,-2.87643],[-79.21831,-2.87708],[-79.21843,-2.87918],[-79.21746,-2.88093],[-79.21717,-2.88325],[-79.21572,-2.88591],[-79.21444,-2.8858],[-79.21392,-2.88531],[-79.21251,-2.88554],[-79.21209,-2.88609],[-79.21118,-2.88603],[-79.20991,-2.88412],[-79.2086,-2.88386],[-79.20817,-2.88415],[-79.20654,-2.8836],[-79.20569,-2.88406],[-79.20369,-2.884],[-79.20341,-2.88382],[-79.20395,-2.88314],[-79.20333,-2.88276],[-79.20068,-2.88321],[-79.19874,-2.88287],[-79.19807,-2.88316],[-79.19794,-2.88284],[-79.19739,-2.884],[-79.19693,-2.88415],[-79.19515,-2.88349],[-79.19466,-2.88253],[-79.19325,-2.88348],[-79.19068,-2.88235],[-79.1903,-2.88284],[-79.19011,-2.88248],[-79.1893,-2.8828],[-79.18927,-2.88249],[-79.1886,-2.88296],[-79.18327,-2.88005],[-79.18276,-2.87908],[-79.18211,-2.87878],[-79.18243,-2.87838],[-79.18095,-2.87738],[-79.18037,-2.87747],[-79.17913,-2.87649],[-79.17813,-2.87662],[-79.17703,-2.87593],[-79.17656,-2.87608],[-79.17556,-2.87556],[-79.17565,-2.8751],[-79.1748,-2.87537],[-79.17294,-2.87492],[-79.17198,-2.87388],[-79.17224,-2.8732],[-79.17135,-2.87349],[-79.17081,-2.87255],[-79.16919,-2.87239],[-79.16894,-2.87184],[-79.1684,-2.87277],[-79.16779,-2.87116],[-79.16704,-2.87158],[-79.16682,-2.87106],[-79.16614,-2.87117],[-79.16632,-2.87045],[-79.16591,-2.87084],[-79.16554,-2.87043],[-79.16547,-2.87096],[-79.16485,-2.87021],[-79.16363,-2.87093],[-79.16371,-2.87127],[-79.16267,-2.87068],[-79.16287,-2.87132],[-79.16243,-2.87115],[-79.16231,-2.87157],[-79.15984,-2.87063],[-79.15934,-2.87081],[-79.15949,-2.87004],[-79.15788,-2.87022],[-79.15777,-2.87093],[-79.157,-2.87051],[-79.15657,-2.87196],[-79.1561,-2.87213],[-79.15586,-2.87041],[-79.15407,-2.87014],[-79.14845,-2.87202],[-79.14732,-2.87309],[-79.14577,-2.87348],[-79.14589,-2.87399],[-79.14524,-2.87417],[-79.14552,-2.87454],[-79.14144,-2.87577],[-79.14116,-2.87616],[-79.13995,-2.87622],[-79.13869,-2.87551],[-79.13727,-2.87602],[-79.13465,-2.87617],[-79.13053,-2.87497],[-79.12418,-2.87584],[-79.12167,-2.87444],[-79.12115,-2.8735],[-79.1181,-2.87191],[-79.11481,-2.87087],[-79.11291,-2.86886],[-79.11271,-2.86781],[-79.10941,-2.86733],[-79.10778,-2.86769],[-79.104,-2.86754],[-79.10276,-2.86658],[-79.10157,-2.86697],[-79.09798,-2.86673],[-79.0974,-2.86727],[-79.09607,-2.86719],[-79.09505,-2.8681],[-79.09268,-2.86866],[-79.09207,-2.86838],[-79.08987,-2.86939],[-79.08791,-2.86886],[-79.08728,-2.86782],[-79.0864,-2.86867],[-79.0842,-2.86932],[-79.08325,-2.86892],[-79.07989,-2.87184],[-79.07918,-2.87314],[-79.07703,-2.87287],[-79.07633,-2.87441],[-79.07411,-2.87501],[-79.07108,-2.87811],[-79.06939,-2.87855],[-79.06977,-2.87908],[-79.07075,-2.87892],[-79.07029,-2.87941],[-79.07108,-2.87996],[-79.07091,-2.88224],[-79.06871,-2.88408],[-79.06661,-2.88685],[-79.06487,-2.88799],[-79.06302,-2.88851],[-79.06137,-2.88825],[-79.0586,-2.88963],[-79.05667,-2.88901],[-79.05413,-2.89003],[-79.04921,-2.89019],[-79.04644,-2.89185],[-79.04554,-2.89055],[-79.04517,-2.88862],[-79.04379,-2.88872],[-79.0414,-2.88971],[-79.03989,-2.89274],[-79.04011,-2.89326],[-79.03826,-2.89423],[-79.039,-2.89693],[-79.03853,-2.89734],[-79.03904,-2.89813],[-79.03839,-2.89848],[-79.03883,-2.89947],[-79.03784,-2.89976],[-79.03819,-2.90019],[-79.03892,-2.89996],[-79.03942,-2.9009],[-79.0406,-2.90068],[-79.04037,-2.90164],[-79.03994,-2.9018],[-79.04029,-2.90268],[-79.04012,-2.90383],[-79.0395,-2.90404],[-79.04051,-2.90453],[-79.04318,-2.903],[-79.04488,-2.90267],[-79.04713,-2.90127],[-79.04774,-2.90036],[-79.05332,-2.9012],[-79.05461,-2.90191],[-79.05697,-2.90136],[-79.0598,-2.90173],[-79.06331,-2.89997],[-79.06632,-2.89664],[-79.0673,-2.89642],[-79.06869,-2.8973],[-79.07023,-2.89542],[-79.07172,-2.8952],[-79.07508,-2.89566],[-79.0756,-2.8966],[-79.07544,-2.89816],[-79.07454,-2.90006],[-79.07494,-2.90159],[-79.0742,-2.90384],[-79.07427,-2.90643],[-79.07595,-2.9085],[-79.07889,-2.91097],[-79.08157,-2.9122],[-79.08184,-2.9154],[-79.08268,-2.91765],[-79.08387,-2.91857],[-79.08527,-2.91883],[-79.08623,-2.92014],[-79.0904,-2.92244],[-79.09147,-2.9242],[-79.0929,-2.92473],[-79.09434,-2.92661],[-79.09569,-2.92711],[-79.09859,-2.92686],[-79.09955,-2.92752],[-79.10153,-2.92786],[-79.1027,-2.92882],[-79.10413,-2.92853],[-79.1051,-2.92938],[-79.10783,-2.9289],[-79.10903,-2.93091],[-79.11467,-2.9316],[-79.11549,-2.93281],[-79.11739,-2.93374],[-79.11836,-2.93511],[-79.12093,-2.93681],[-79.12256,-2.93656],[-79.12495,-2.93401],[-79.1254,-2.93251],[-79.12692,-2.93178],[-79.12852,-2.93258],[-79.13114,-2.93217],[-79.13263,-2.93342],[-79.13381,-2.93346],[-79.13503,-2.93476],[-79.13762,-2.93458],[-79.1413,-2.93756],[-79.14218,-2.93967],[-79.14321,-2.9398],[-79.1436,-2.94194],[-79.14432,-2.94311],[-79.14629,-2.94471],[-79.14745,-2.94486],[-79.1481,-2.94566],[-79.14902,-2.94522],[-79.14964,-2.94543],[-79.15147,-2.94763],[-79.15202,-2.94958],[-79.15299,-2.95055],[-79.15442,-2.95103],[-79.15877,-2.94981],[-79.15951,-2.95027],[-79.16138,-2.94983],[-79.16369,-2.95077],[-79.16474,-2.95008],[-79.16591,-2.9508],[-79.16734,-2.95056],[-79.16804,-2.94967],[-79.1694,-2.94915],[-79.16944,-2.94779],[-79.17133,-2.94615],[-79.17289,-2.946],[-79.17568,-2.94455],[-79.17608,-2.94321],[-79.1773,-2.94168],[-79.17739,-2.94057],[-79.17905,-2.94065],[-79.18181,-2.93565],[-79.18395,-2.93568],[-79.18624,-2.93354],[-79.18874,-2.93348],[-79.18981,-2.93205],[-79.19143,-2.93234],[-79.19282,-2.93108],[-79.19404,-2.93185],[-79.19471,-2.93291],[-79.1961,-2.93252],[-79.19711,-2.93288],[-79.19991,-2.93274],[-79.20117,-2.93349],[-79.20249,-2.93365],[-79.20301,-2.93269],[-79.20396,-2.93285],[-79.20593,-2.9319],[-79.20822,-2.93211],[-79.20887,-2.93275],[-79.20975,-2.93248],[-79.2115,-2.93435],[-79.21255,-2.93453],[-79.21311,-2.93558],[-79.21451,-2.93508],[-79.21625,-2.93544],[-79.21686,-2.93802],[-79.21767,-2.93847],[-79.21845,-2.93996],[-79.22112,-2.94193],[-79.22273,-2.94203],[-79.22376,-2.9409],[-79.22658,-2.94036],[-79.22806,-2.94185],[-79.22833,-2.94318],[-79.22991,-2.9449],[-79.2301,-2.94611],[-79.23169,-2.94709],[-79.23157,-2.94854],[-79.23255,-2.95049],[-79.23396,-2.95137],[-79.23442,-2.95262],[-79.23578,-2.95324],[-79.23602,-2.95421],[-79.2374,-2.95462],[-79.23835,-2.95589],[-79.23862,-2.95687],[-79.23817,-2.95797],[-79.23901,-2.95908],[-79.23859,-2.96026],[-79.23689,-2.96319],[-79.23444,-2.96499],[-79.23484,-2.9662],[-79.23483,-2.96863],[-79.23567,-2.96928],[-79.23611,-2.97096],[-79.23832,-2.97366],[-79.23802,-2.97507],[-79.23973,-2.97552],[-79.24059,-2.97469],[-79.24226,-2.97533],[-79.24346,-2.97808],[-79.24518,-2.97982],[-79.24496,-2.98073],[-79.24561,-2.98202],[-79.24826,-2.98386],[-79.24913,-2.98382],[-79.25094,-2.98463],[-79.25175,-2.98402],[-79.25249,-2.98468],[-79.25622,-2.98363],[-79.25739,-2.98391],[-79.25901,-2.98318],[-79.25921,-2.98232],[-79.26018,-2.98231],[-79.26073,-2.98153],[-79.26186,-2.98129],[-79.26331,-2.97775],[-79.26531,-2.97516],[-79.26758,-2.97328],[-79.26726,-2.97042],[-79.26619,-2.96683],[-79.26629,-2.96496],[-79.26675,-2.96453],[-79.26615,-2.96185],[-79.26817,-2.96077],[-79.26831,-2.95965],[-79.26966,-2.95881],[-79.27143,-2.9588],[-79.27153,-2.95805],[-79.27236,-2.95716],[-79.27218,-2.95567],[-79.27263,-2.95545],[-79.27272,-2.95455],[-79.27363,-2.95387],[-79.2735,-2.95311],[-79.27403,-2.95285],[-79.27403,-2.95209],[-79.2747,-2.9516],[-79.27382,-2.95031],[-79.27469,-2.94889],[-79.27499,-2.94692],[-79.27576,-2.94665],[-79.27542,-2.94628],[-79.27603,-2.94621],[-79.2764,-2.94504],[-79.27888,-2.94514],[-79.27871,-2.9438],[-79.28078,-2.94285],[-79.28041,-2.94267],[-79.28055,-2.94209],[-79.2814,-2.94144],[-79.28135,-2.93885],[-79.28167,-2.93834],[-79.28254,-2.93831],[-79.28208,-2.93695],[-79.28274,-2.93713],[-79.28288,-2.9365],[-79.28356,-2.93637],[-79.28306,-2.93544],[-79.28261,-2.93547],[-79.28288,-2.93472],[-79.28231,-2.93402],[-79.28356,-2.93402],[-79.28468,-2.93341],[-79.28516,-2.93272],[-79.28473,-2.93129],[-79.2865,-2.93011],[-79.28769,-2.9275],[-79.28694,-2.92181],[-79.28564,-2.92094],[-79.28614,-2.92004],[-79.28731,-2.91988],[-79.28754,-2.91885],[-79.29011,-2.91605],[-79.29105,-2.9144],[-79.29084,-2.91406],[-79.29187,-2.91082],[-79.28859,-2.90436],[-79.28821,-2.90241],[-79.28668,-2.901],[-79.28592,-2.89895],[-79.28343,-2.89746],[-79.28178,-2.89488],[-79.28055,-2.89391],[-79.28018,-2.8926],[-79.28232,-2.88533],[-79.28438,-2.88411],[-79.28399,-2.88275],[-79.28422,-2.88166],[-79.28563,-2.88031],[-79.28607,-2.87915],[-79.28948,-2.87776],[-79.28722,-2.87311],[-79.28682,-2.87119],[-79.28701,-2.86972],[-79.28571,-2.86568],[-79.28656,-2.86576],[-79.28708,-2.86533],[-79.28935,-2.86085],[-79.28958,-2.8596],[-79.28917,-2.8584],[-79.28822,-2.85818],[-79.28628,-2.85646],[-79.28739,-2.85521],[-79.2892,-2.85471],[-79.28776,-2.85377],[-79.28742,-2.85233],[-79.28368,-2.84664],[-79.28179,-2.84883],[-79.28144,-2.85063],[-79.28051,-2.8516],[-79.27855,-2.8527],[-79.27586,-2.85281],[-79.26658,-2.84306],[-79.26572,-2.84346],[-79.26661,-2.84455],[-79.26623,-2.84547],[-79.263,-2.84833],[-79.26192,-2.84834],[-79.26061,-2.84358],[-79.25926,-2.8438],[-79.2543,-2.84199],[-79.25416,-2.841],[-79.25293,-2.84045],[-79.25263,-2.83888],[-79.25106,-2.83824],[-79.25004,-2.83865],[-79.24928,-2.83762],[-79.23801,-2.84848]]]}},{"type":"Feature","properties":{"unidadId":"santa-ana","nombreOficial":"SANTA ANA","codigoDPA":"010164","codigoCanton":"0101","codigoProvincia":"01","cantonOficial":"CUENCA","provinciaOficial":"AZUAY","tipoOficial":"PARROQUIA RURAL","resolucion":"parroquia","tipo":"rural","anioDPA":"2024","superficieKm2":44.953,"superficieCalculadaEn":"EPSG:32717 sobre la geometria COMPLETA, antes de simplificar","puntosOriginales":11198,"puntosSimplificados":253,"verificado":true},"geometry":{"type":"Polygon","coordinates":[[[-78.89716,-2.90061],[-78.89715,-2.90181],[-78.89614,-2.90249],[-78.89611,-2.90301],[-78.89709,-2.90339],[-78.89694,-2.9048],[-78.89752,-2.90439],[-78.89868,-2.90457],[-78.89854,-2.90516],[-78.89739,-2.90519],[-78.89803,-2.906],[-78.8975,-2.90678],[-78.89863,-2.90719],[-78.89817,-2.90854],[-78.89979,-2.90834],[-78.89904,-2.90937],[-78.90067,-2.91288],[-78.90208,-2.9139],[-78.9021,-2.91483],[-78.90362,-2.91529],[-78.90415,-2.91638],[-78.90563,-2.91746],[-78.90615,-2.91901],[-78.90685,-2.91889],[-78.9065,-2.9202],[-78.90742,-2.92047],[-78.90689,-2.9216],[-78.90777,-2.92169],[-78.90775,-2.92278],[-78.90872,-2.9228],[-78.90843,-2.92368],[-78.90941,-2.92474],[-78.9082,-2.92521],[-78.90883,-2.92581],[-78.9077,-2.92817],[-78.90795,-2.93041],[-78.90877,-2.93089],[-78.90909,-2.93198],[-78.91014,-2.93283],[-78.91047,-2.93404],[-78.9116,-2.93393],[-78.91176,-2.93465],[-78.91246,-2.93496],[-78.91179,-2.93625],[-78.91242,-2.93659],[-78.91252,-2.93738],[-78.91337,-2.93726],[-78.91339,-2.93786],[-78.91288,-2.93822],[-78.9132,-2.93862],[-78.9139,-2.93849],[-78.9142,-2.93906],[-78.91339,-2.94039],[-78.91382,-2.94097],[-78.91548,-2.94147],[-78.9155,-2.94288],[-78.91628,-2.94378],[-78.91597,-2.94492],[-78.9144,-2.94557],[-78.91488,-2.94649],[-78.9148,-2.94741],[-78.9158,-2.94856],[-78.91539,-2.94958],[-78.91604,-2.94977],[-78.91492,-2.95122],[-78.91471,-2.95274],[-78.91407,-2.95289],[-78.91446,-2.95402],[-78.91384,-2.95381],[-78.91401,-2.95486],[-78.91322,-2.95522],[-78.91324,-2.95603],[-78.91256,-2.95623],[-78.91271,-2.95687],[-78.91108,-2.95719],[-78.91038,-2.95852],[-78.9087,-2.95842],[-78.90848,-2.95936],[-78.90814,-2.95875],[-78.90745,-2.95878],[-78.90707,-2.9597],[-78.90732,-2.96005],[-78.9069,-2.96051],[-78.90636,-2.96037],[-78.9056,-2.96127],[-78.90516,-2.96052],[-78.90471,-2.96096],[-78.90264,-2.96109],[-78.90057,-2.96353],[-78.90043,-2.96429],[-78.89978,-2.96458],[-78.89968,-2.96531],[-78.89814,-2.9672],[-78.89806,-2.968],[-78.89589,-2.96679],[-78.89523,-2.96734],[-78.89269,-2.96732],[-78.89253,-2.9679],[-78.89102,-2.96912],[-78.89099,-2.97028],[-78.88985,-2.97189],[-78.88929,-2.97187],[-78.88816,-2.97304],[-78.88689,-2.97333],[-78.88636,-2.97307],[-78.87846,-2.97881],[-78.8784,-2.97942],[-78.87709,-2.98046],[-78.87483,-2.98137],[-78.87214,-2.98441],[-78.87003,-2.98475],[-78.86899,-2.98652],[-78.86753,-2.98666],[-78.86587,-2.98783],[-78.8594,-2.98718],[-78.85924,-2.99014],[-78.85833,-2.99239],[-78.85829,-2.99422],[-78.85886,-2.99489],[-78.86012,-2.99589],[-78.86108,-2.99609],[-78.86119,-2.99697],[-78.86437,-2.99882],[-78.86651,-2.99882],[-78.88026,-3.00261],[-78.88142,-3.00176],[-78.88198,-3.00065],[-78.88425,-2.99915],[-78.88695,-2.99937],[-78.88588,-3.00025],[-78.8857,-3.00157],[-78.88773,-3.0051],[-78.88999,-3.00508],[-78.89122,-3.00452],[-78.89253,-3.00505],[-78.89493,-3.00505],[-78.89664,-3.00409],[-78.89847,-3.00431],[-78.89964,-3.00375],[-78.90073,-3.00396],[-78.90194,-3.00179],[-78.90234,-3.00195],[-78.90249,-3.0013],[-78.90295,-3.00118],[-78.90356,-2.99929],[-78.90427,-2.9992],[-78.90611,-2.99739],[-78.90753,-2.9972],[-78.90927,-2.99606],[-78.90978,-2.99373],[-78.91083,-2.99227],[-78.91149,-2.99023],[-78.91435,-2.98709],[-78.91697,-2.98629],[-78.91874,-2.98623],[-78.91887,-2.98697],[-78.92009,-2.98737],[-78.92129,-2.98704],[-78.92164,-2.98745],[-78.9221,-2.98551],[-78.92339,-2.98517],[-78.9241,-2.98555],[-78.92445,-2.9867],[-78.92655,-2.98662],[-78.92749,-2.9871],[-78.92819,-2.98664],[-78.92826,-2.98742],[-78.92908,-2.9883],[-78.93484,-2.98713],[-78.93674,-2.98759],[-78.93805,-2.98871],[-78.93875,-2.98874],[-78.93929,-2.98806],[-78.94065,-2.98798],[-78.94381,-2.98924],[-78.94477,-2.98883],[-78.94533,-2.98936],[-78.94619,-2.9885],[-78.94691,-2.9886],[-78.94726,-2.98816],[-78.95024,-2.98816],[-78.95098,-2.98757],[-78.95123,-2.98711],[-78.95075,-2.98577],[-78.9516,-2.98307],[-78.94979,-2.98096],[-78.95133,-2.97841],[-78.95018,-2.97615],[-78.94906,-2.97546],[-78.94936,-2.97323],[-78.94695,-2.97128],[-78.94654,-2.97021],[-78.94494,-2.96961],[-78.94413,-2.96854],[-78.94507,-2.96644],[-78.94425,-2.96208],[-78.9446,-2.96144],[-78.94327,-2.96057],[-78.94265,-2.95945],[-78.94405,-2.95833],[-78.94345,-2.95742],[-78.94366,-2.95598],[-78.94213,-2.95432],[-78.94201,-2.95274],[-78.93956,-2.94879],[-78.9397,-2.94842],[-78.94064,-2.94842],[-78.94202,-2.94337],[-78.94137,-2.94265],[-78.94145,-2.94122],[-78.94078,-2.94042],[-78.93953,-2.94004],[-78.93731,-2.94077],[-78.93641,-2.94059],[-78.93711,-2.93995],[-78.93673,-2.93892],[-78.93711,-2.93841],[-78.9367,-2.93796],[-78.93788,-2.93593],[-78.9356,-2.93491],[-78.93521,-2.93357],[-78.93354,-2.93272],[-78.93115,-2.92808],[-78.93089,-2.92518],[-78.92888,-2.92477],[-78.92829,-2.923],[-78.92721,-2.92319],[-78.92776,-2.92228],[-78.92662,-2.92014],[-78.92174,-2.91836],[-78.92066,-2.91653],[-78.92045,-2.91533],[-78.91884,-2.91526],[-78.91771,-2.91435],[-78.91713,-2.91314],[-78.91773,-2.91216],[-78.9171,-2.91154],[-78.91665,-2.90966],[-78.91555,-2.90931],[-78.91485,-2.90838],[-78.91316,-2.90833],[-78.91086,-2.90729],[-78.90936,-2.90724],[-78.90815,-2.90609],[-78.90742,-2.9065],[-78.90573,-2.90574],[-78.90465,-2.90471],[-78.90371,-2.90512],[-78.90223,-2.90329],[-78.90123,-2.90302],[-78.90111,-2.90212],[-78.89877,-2.90207],[-78.89716,-2.90061]]]}},{"type":"Feature","properties":{"unidadId":"sayausi","nombreOficial":"SAYAUSÍ","codigoDPA":"010165","codigoCanton":"0101","codigoProvincia":"01","cantonOficial":"CUENCA","provinciaOficial":"AZUAY","tipoOficial":"PARROQUIA RURAL","resolucion":"parroquia","tipo":"rural","anioDPA":"2024","superficieKm2":279.741,"superficieCalculadaEn":"EPSG:32717 sobre la geometria COMPLETA, antes de simplificar","puntosOriginales":57529,"puntosSimplificados":431,"verificado":true},"geometry":{"type":"Polygon","coordinates":[[[-79.20217,-2.70561],[-79.20473,-2.71329],[-79.21609,-2.71943],[-79.2156,-2.71999],[-79.21525,-2.71978],[-79.21552,-2.72059],[-79.21475,-2.72192],[-79.21505,-2.72244],[-79.21472,-2.72302],[-79.21276,-2.72327],[-79.21216,-2.72308],[-79.21218,-2.7226],[-79.20971,-2.72287],[-79.20814,-2.72258],[-79.20868,-2.7239],[-79.2073,-2.72505],[-79.20605,-2.72549],[-79.20547,-2.72504],[-79.20399,-2.72542],[-79.20264,-2.72497],[-79.201,-2.72549],[-79.20066,-2.72702],[-79.19688,-2.73023],[-79.19542,-2.73283],[-79.19407,-2.73242],[-79.19262,-2.73296],[-79.19113,-2.73283],[-79.18928,-2.73423],[-79.188,-2.73365],[-79.18725,-2.734],[-79.18635,-2.73536],[-79.18579,-2.73751],[-79.18358,-2.74059],[-79.18304,-2.74266],[-79.17997,-2.74235],[-79.17878,-2.7431],[-79.17806,-2.74432],[-79.17672,-2.74503],[-79.17504,-2.74413],[-79.1739,-2.74421],[-79.17112,-2.74091],[-79.16899,-2.74018],[-79.16836,-2.73927],[-79.16648,-2.7388],[-79.16586,-2.73686],[-79.16598,-2.73292],[-79.16384,-2.73217],[-79.16357,-2.73077],[-79.1623,-2.73204],[-79.1617,-2.7316],[-79.15759,-2.73145],[-79.15561,-2.7327],[-79.15445,-2.73421],[-79.1529,-2.73438],[-79.14998,-2.73375],[-79.14917,-2.7334],[-79.1491,-2.73278],[-79.1462,-2.73193],[-79.14621,-2.73363],[-79.14576,-2.73427],[-79.14556,-2.73314],[-79.14506,-2.73277],[-79.14303,-2.73375],[-79.14109,-2.73345],[-79.13973,-2.73419],[-79.13851,-2.73585],[-79.13814,-2.73733],[-79.13683,-2.73808],[-79.1347,-2.7383],[-79.1338,-2.73753],[-79.13015,-2.73952],[-79.12893,-2.7396],[-79.12737,-2.7404],[-79.12514,-2.74025],[-79.12453,-2.73956],[-79.1217,-2.74172],[-79.11679,-2.74199],[-79.11549,-2.74313],[-79.11363,-2.74185],[-79.11368,-2.74311],[-79.11279,-2.74495],[-79.11079,-2.74377],[-79.10903,-2.74493],[-79.10763,-2.7447],[-79.10608,-2.74547],[-79.10669,-2.74638],[-79.10531,-2.74742],[-79.10591,-2.74847],[-79.10586,-2.7507],[-79.10531,-2.75193],[-79.1043,-2.75263],[-79.10464,-2.75305],[-79.1043,-2.75407],[-79.10464,-2.75522],[-79.10271,-2.75798],[-79.10289,-2.7586],[-79.09787,-2.76252],[-79.09774,-2.76461],[-79.09697,-2.76554],[-79.09622,-2.7685],[-79.09327,-2.76956],[-79.09197,-2.77112],[-79.09142,-2.77255],[-79.08884,-2.77462],[-79.08827,-2.77702],[-79.08597,-2.77762],[-79.08412,-2.77911],[-79.08351,-2.7818],[-79.08259,-2.78358],[-79.07845,-2.7854],[-79.07758,-2.78548],[-79.07529,-2.78463],[-79.07318,-2.78473],[-79.07228,-2.78528],[-79.07135,-2.78765],[-79.06786,-2.79103],[-79.06986,-2.79412],[-79.06921,-2.7975],[-79.06953,-2.79928],[-79.06902,-2.80036],[-79.07057,-2.8006],[-79.07124,-2.80017],[-79.07226,-2.80123],[-79.07084,-2.80425],[-79.06944,-2.80588],[-79.07056,-2.80658],[-79.07103,-2.80808],[-79.07116,-2.80948],[-79.07046,-2.81095],[-79.07097,-2.81279],[-79.07147,-2.81294],[-79.07054,-2.81424],[-79.07121,-2.81517],[-79.07042,-2.81581],[-79.06981,-2.8157],[-79.06903,-2.8185],[-79.06981,-2.81936],[-79.0703,-2.82105],[-79.0698,-2.82168],[-79.07008,-2.82284],[-79.06932,-2.82511],[-79.06971,-2.82641],[-79.06824,-2.82614],[-79.06762,-2.82915],[-79.0658,-2.83022],[-79.06503,-2.83166],[-79.06368,-2.83263],[-79.06216,-2.83477],[-79.0624,-2.83762],[-79.06332,-2.83834],[-79.06378,-2.83979],[-79.06478,-2.83983],[-79.06603,-2.84182],[-79.06503,-2.84434],[-79.06522,-2.84593],[-79.06454,-2.84762],[-79.06456,-2.85103],[-79.06354,-2.85153],[-79.06302,-2.85364],[-79.0624,-2.85461],[-79.06165,-2.8549],[-79.06207,-2.85554],[-79.06144,-2.85654],[-79.06185,-2.85682],[-79.06032,-2.85783],[-79.06068,-2.85839],[-79.06007,-2.85901],[-79.05925,-2.85955],[-79.05828,-2.85956],[-79.05779,-2.86039],[-79.05782,-2.861],[-79.05914,-2.86115],[-79.05912,-2.86168],[-79.05866,-2.86174],[-79.05887,-2.86229],[-79.05849,-2.86226],[-79.05854,-2.86266],[-79.05753,-2.86347],[-79.05568,-2.86364],[-79.05476,-2.86544],[-79.05308,-2.8657],[-79.05257,-2.86675],[-79.05211,-2.86661],[-79.05194,-2.86801],[-79.05253,-2.86804],[-79.05208,-2.86867],[-79.05234,-2.86914],[-79.05187,-2.86917],[-79.05208,-2.86964],[-79.05145,-2.86998],[-79.05118,-2.87096],[-79.05293,-2.87034],[-79.05272,-2.87322],[-79.05496,-2.87435],[-79.05689,-2.87478],[-79.05662,-2.87537],[-79.05716,-2.87636],[-79.05721,-2.87823],[-79.0587,-2.87807],[-79.06209,-2.87669],[-79.06363,-2.8773],[-79.06441,-2.87719],[-79.06476,-2.87648],[-79.0667,-2.87665],[-79.06707,-2.87609],[-79.06781,-2.87702],[-79.06866,-2.87701],[-79.07081,-2.8757],[-79.07108,-2.87806],[-79.0741,-2.87501],[-79.0764,-2.87436],[-79.07704,-2.87287],[-79.07921,-2.87312],[-79.07989,-2.87184],[-79.08325,-2.86892],[-79.0842,-2.86932],[-79.0864,-2.86867],[-79.08728,-2.86782],[-79.08788,-2.86884],[-79.08979,-2.8694],[-79.09207,-2.86838],[-79.09268,-2.86866],[-79.09505,-2.8681],[-79.09607,-2.86719],[-79.0974,-2.86727],[-79.09797,-2.86673],[-79.10157,-2.86697],[-79.10275,-2.86658],[-79.104,-2.86754],[-79.10778,-2.86769],[-79.10941,-2.86733],[-79.11271,-2.86781],[-79.11291,-2.86886],[-79.11481,-2.87087],[-79.1181,-2.87191],[-79.12115,-2.8735],[-79.12167,-2.87444],[-79.12418,-2.87584],[-79.13053,-2.87497],[-79.13465,-2.87617],[-79.13727,-2.87602],[-79.13869,-2.87551],[-79.13995,-2.87622],[-79.14115,-2.87616],[-79.14144,-2.87577],[-79.14552,-2.87454],[-79.14524,-2.87417],[-79.14589,-2.87399],[-79.14577,-2.87348],[-79.14732,-2.87309],[-79.14845,-2.87202],[-79.15408,-2.87013],[-79.15586,-2.87041],[-79.15609,-2.87213],[-79.15657,-2.87196],[-79.157,-2.87051],[-79.15777,-2.87093],[-79.15789,-2.87022],[-79.15949,-2.87004],[-79.15934,-2.87081],[-79.15984,-2.87063],[-79.16231,-2.87157],[-79.16243,-2.87115],[-79.16287,-2.87132],[-79.16275,-2.87066],[-79.16367,-2.87127],[-79.16364,-2.87092],[-79.16482,-2.87022],[-79.16547,-2.87096],[-79.16554,-2.87043],[-79.16593,-2.87084],[-79.16631,-2.87045],[-79.16617,-2.8712],[-79.16682,-2.87106],[-79.16705,-2.87158],[-79.1678,-2.87117],[-79.16835,-2.8719],[-79.16835,-2.87274],[-79.16894,-2.87184],[-79.16919,-2.87239],[-79.17081,-2.87255],[-79.17135,-2.87349],[-79.17224,-2.8732],[-79.17198,-2.87388],[-79.17294,-2.87492],[-79.1748,-2.87537],[-79.17565,-2.8751],[-79.17556,-2.87556],[-79.17656,-2.87608],[-79.17703,-2.87593],[-79.17813,-2.87662],[-79.17913,-2.87649],[-79.18037,-2.87747],[-79.18095,-2.87738],[-79.18243,-2.87838],[-79.18211,-2.87878],[-79.18276,-2.87908],[-79.18327,-2.88005],[-79.1886,-2.88296],[-79.18927,-2.88249],[-79.1893,-2.8828],[-79.19011,-2.88248],[-79.1903,-2.88284],[-79.19068,-2.88235],[-79.19325,-2.88348],[-79.19466,-2.88253],[-79.19515,-2.88349],[-79.19693,-2.88415],[-79.19739,-2.884],[-79.19794,-2.88284],[-79.19807,-2.88316],[-79.19874,-2.88287],[-79.20068,-2.88321],[-79.20333,-2.88276],[-79.20395,-2.88314],[-79.20341,-2.88382],[-79.20369,-2.884],[-79.20569,-2.88406],[-79.20654,-2.8836],[-79.20817,-2.88415],[-79.2086,-2.88386],[-79.20991,-2.88412],[-79.21118,-2.88603],[-79.21209,-2.88609],[-79.21251,-2.88554],[-79.21392,-2.88531],[-79.21513,-2.88593],[-79.21605,-2.88565],[-79.21717,-2.88325],[-79.21747,-2.8809],[-79.21843,-2.87918],[-79.21831,-2.87708],[-79.21868,-2.87643],[-79.21912,-2.87676],[-79.21973,-2.87642],[-79.22029,-2.87227],[-79.22233,-2.8686],[-79.22316,-2.86816],[-79.22236,-2.86691],[-79.2236,-2.8642],[-79.22335,-2.86189],[-79.22477,-2.86051],[-79.22937,-2.85851],[-79.2319,-2.85898],[-79.2327,-2.85797],[-79.23305,-2.85867],[-79.23369,-2.85698],[-79.2346,-2.85655],[-79.23621,-2.85182],[-79.23793,-2.85003],[-79.23801,-2.84848],[-79.24928,-2.83762],[-79.24901,-2.83621],[-79.24368,-2.83088],[-79.24345,-2.82968],[-79.24199,-2.82842],[-79.24164,-2.82707],[-79.24092,-2.82664],[-79.24179,-2.82464],[-79.24211,-2.82262],[-79.24181,-2.8216],[-79.24255,-2.81831],[-79.24176,-2.81743],[-79.24059,-2.81757],[-79.23883,-2.81631],[-79.23679,-2.81591],[-79.23424,-2.81449],[-79.23228,-2.81206],[-79.23068,-2.81105],[-79.23006,-2.80985],[-79.23019,-2.80809],[-79.22962,-2.80758],[-79.23269,-2.80244],[-79.23301,-2.80074],[-79.23251,-2.79994],[-79.23544,-2.79788],[-79.23621,-2.79666],[-79.23621,-2.79548],[-79.23241,-2.79392],[-79.23258,-2.79244],[-79.23366,-2.79097],[-79.23353,-2.7884],[-79.23472,-2.78734],[-79.236,-2.78253],[-79.23699,-2.78222],[-79.24021,-2.77884],[-79.24212,-2.7777],[-79.24322,-2.77379],[-79.24288,-2.77047],[-79.24455,-2.76812],[-79.2459,-2.76727],[-79.24642,-2.76412],[-79.24631,-2.76022],[-79.2444,-2.7597],[-79.2437,-2.75876],[-79.24315,-2.75632],[-79.2401,-2.75547],[-79.23956,-2.75468],[-79.23652,-2.75338],[-79.23689,-2.75304],[-79.2363,-2.75274],[-79.23466,-2.74989],[-79.2351,-2.74807],[-79.23431,-2.74565],[-79.23477,-2.74437],[-79.23469,-2.7395],[-79.23568,-2.73549],[-79.23505,-2.73518],[-79.23358,-2.72997],[-79.23415,-2.72816],[-79.23166,-2.72508],[-79.22915,-2.72322],[-79.22784,-2.72052],[-79.22641,-2.71948],[-79.22618,-2.71879],[-79.22496,-2.71835],[-79.22443,-2.71662],[-79.22382,-2.71604],[-79.22421,-2.7133],[-79.22364,-2.7126],[-79.22378,-2.71141],[-79.22299,-2.71175],[-79.22149,-2.71058],[-79.21909,-2.7112],[-79.21718,-2.71058],[-79.21412,-2.70916],[-79.20936,-2.70592],[-79.2082,-2.70635],[-79.20775,-2.70591],[-79.20726,-2.70639],[-79.20217,-2.70561]]]}},{"type":"Feature","properties":{"unidadId":"sidcay","nombreOficial":"SIDCAY","codigoDPA":"010166","codigoCanton":"0101","codigoProvincia":"01","cantonOficial":"CUENCA","provinciaOficial":"AZUAY","tipoOficial":"PARROQUIA RURAL","resolucion":"parroquia","tipo":"rural","anioDPA":"2024","superficieKm2":16.169,"superficieCalculadaEn":"EPSG:32717 sobre la geometria COMPLETA, antes de simplificar","puntosOriginales":3746,"puntosSimplificados":101,"verificado":true},"geometry":{"type":"Polygon","coordinates":[[[-78.97738,-2.79464],[-78.97034,-2.79592],[-78.96699,-2.79705],[-78.96378,-2.79737],[-78.96194,-2.79698],[-78.96112,-2.79741],[-78.96062,-2.79955],[-78.9608,-2.80076],[-78.96028,-2.80182],[-78.96101,-2.80211],[-78.96064,-2.80241],[-78.96054,-2.8044],[-78.96096,-2.80473],[-78.96037,-2.80569],[-78.9596,-2.80473],[-78.95714,-2.80333],[-78.95661,-2.80079],[-78.95211,-2.79968],[-78.95113,-2.79888],[-78.94971,-2.79644],[-78.9484,-2.79616],[-78.94742,-2.79491],[-78.94596,-2.79555],[-78.94717,-2.80189],[-78.94801,-2.80381],[-78.94765,-2.81005],[-78.94829,-2.81315],[-78.94749,-2.81611],[-78.9482,-2.81657],[-78.94887,-2.81938],[-78.95061,-2.82175],[-78.95319,-2.82936],[-78.95664,-2.83106],[-78.95807,-2.83266],[-78.95867,-2.83408],[-78.95903,-2.83406],[-78.95919,-2.8348],[-78.9595,-2.83491],[-78.95942,-2.83349],[-78.96042,-2.83332],[-78.96126,-2.83369],[-78.96234,-2.83317],[-78.96379,-2.83373],[-78.96552,-2.83517],[-78.96706,-2.83503],[-78.96772,-2.83437],[-78.96912,-2.83505],[-78.97237,-2.83479],[-78.97367,-2.83593],[-78.9751,-2.83823],[-78.97771,-2.83818],[-78.98188,-2.83887],[-78.98365,-2.83652],[-78.98438,-2.83459],[-78.98451,-2.83274],[-78.98168,-2.82977],[-78.98163,-2.82715],[-78.98199,-2.82621],[-78.98297,-2.82477],[-78.98285,-2.82423],[-78.98553,-2.82555],[-78.98658,-2.8267],[-78.98828,-2.82252],[-78.98809,-2.82153],[-78.98755,-2.82111],[-78.98778,-2.81995],[-78.98683,-2.81837],[-78.98707,-2.81754],[-78.98653,-2.81714],[-78.98662,-2.8164],[-78.98605,-2.81615],[-78.98624,-2.81522],[-78.98551,-2.81417],[-78.98595,-2.81289],[-78.98543,-2.81129],[-78.98561,-2.81007],[-78.98485,-2.80907],[-78.98514,-2.80847],[-78.98464,-2.80812],[-78.98511,-2.80772],[-78.98472,-2.80634],[-78.98511,-2.80618],[-78.98437,-2.80599],[-78.98475,-2.80554],[-78.98516,-2.80571],[-78.98526,-2.80504],[-78.98406,-2.80449],[-78.98397,-2.80373],[-78.98306,-2.80278],[-78.9833,-2.80222],[-78.98177,-2.80078],[-78.98222,-2.80055],[-78.98186,-2.79976],[-78.98211,-2.79933],[-78.98169,-2.79915],[-78.98166,-2.79832],[-78.98055,-2.79752],[-78.9809,-2.79629],[-78.97985,-2.79584],[-78.97988,-2.79373],[-78.97738,-2.79464]]]}},{"type":"Feature","properties":{"unidadId":"sinincay","nombreOficial":"SININCAY","codigoDPA":"010167","codigoCanton":"0101","codigoProvincia":"01","cantonOficial":"CUENCA","provinciaOficial":"AZUAY","tipoOficial":"PARROQUIA RURAL","resolucion":"parroquia","tipo":"rural","anioDPA":"2024","superficieKm2":46.662,"superficieCalculadaEn":"EPSG:32717 sobre la geometria COMPLETA, antes de simplificar","puntosOriginales":10086,"puntosSimplificados":272,"verificado":true},"geometry":{"type":"Polygon","coordinates":[[[-79.06339,-2.7942],[-79.0616,-2.79483],[-79.06043,-2.79601],[-79.05979,-2.80075],[-79.05744,-2.80329],[-79.0546,-2.80385],[-79.05451,-2.80352],[-79.0537,-2.80344],[-79.05346,-2.80379],[-79.05295,-2.80343],[-79.05083,-2.8042],[-79.04901,-2.80416],[-79.04732,-2.80665],[-79.04617,-2.80697],[-79.04518,-2.80666],[-79.04506,-2.80766],[-79.04365,-2.80814],[-79.04351,-2.80936],[-79.0424,-2.81054],[-79.0424,-2.81163],[-79.04017,-2.81257],[-79.03985,-2.81358],[-79.03905,-2.81351],[-79.03846,-2.81404],[-79.03555,-2.81489],[-79.03488,-2.81466],[-79.03456,-2.81524],[-79.03392,-2.81502],[-79.03354,-2.81619],[-79.0328,-2.81645],[-79.03232,-2.81832],[-79.03128,-2.81946],[-79.03003,-2.81997],[-79.03025,-2.82046],[-79.02984,-2.82103],[-79.02893,-2.82063],[-79.02734,-2.82091],[-79.02562,-2.82217],[-79.02463,-2.82237],[-79.02437,-2.82301],[-79.0228,-2.82393],[-79.02216,-2.82511],[-79.02055,-2.8263],[-79.01849,-2.82679],[-79.01534,-2.82629],[-79.01237,-2.82711],[-79.01185,-2.82752],[-79.01095,-2.82986],[-79.00889,-2.83003],[-79.008,-2.83122],[-79.0067,-2.83137],[-79.00519,-2.83241],[-79.0022,-2.8317],[-79.00149,-2.8336],[-79.00082,-2.834],[-79.00013,-2.83534],[-79.00008,-2.83756],[-78.99938,-2.8385],[-78.99799,-2.83892],[-78.99761,-2.83854],[-78.9974,-2.8389],[-78.99659,-2.83879],[-78.99607,-2.84007],[-78.99455,-2.84134],[-78.99376,-2.84109],[-78.9935,-2.84159],[-78.99222,-2.84155],[-78.99184,-2.84263],[-78.99202,-2.84352],[-78.99142,-2.84335],[-78.99092,-2.84496],[-78.98964,-2.84551],[-78.99106,-2.84579],[-78.99122,-2.84623],[-78.99057,-2.84808],[-78.99193,-2.84899],[-78.9944,-2.84977],[-78.9941,-2.85052],[-78.99449,-2.85111],[-78.99591,-2.85056],[-78.99637,-2.85104],[-78.997,-2.85251],[-78.99638,-2.85353],[-78.9963,-2.85525],[-78.99785,-2.85456],[-78.99904,-2.85544],[-78.99889,-2.85617],[-78.99998,-2.8562],[-78.99985,-2.85679],[-79.00026,-2.85706],[-79.00033,-2.85636],[-79.0028,-2.85594],[-79.00401,-2.8576],[-79.00524,-2.85831],[-79.00539,-2.85905],[-79.00464,-2.85967],[-79.00309,-2.86048],[-79.00095,-2.86013],[-78.99849,-2.86199],[-78.99678,-2.87028],[-78.99784,-2.87088],[-79.00037,-2.87029],[-79.00206,-2.87128],[-79.002,-2.86936],[-79.00158,-2.86864],[-79.00117,-2.86894],[-79.00083,-2.86804],[-79.00257,-2.86696],[-79.00467,-2.8664],[-79.00696,-2.86799],[-79.00747,-2.86864],[-79.00686,-2.87033],[-79.00652,-2.87029],[-79.00512,-2.87307],[-79.00432,-2.87313],[-79.00448,-2.8744],[-79.00521,-2.8749],[-79.00542,-2.87453],[-79.00613,-2.87545],[-79.00523,-2.87641],[-79.007,-2.87686],[-79.00697,-2.8774],[-79.00542,-2.87824],[-79.00469,-2.87937],[-79.00514,-2.88012],[-79.00592,-2.87991],[-79.00614,-2.88081],[-79.00662,-2.88016],[-79.00741,-2.88077],[-79.00747,-2.88027],[-79.00814,-2.88046],[-79.00842,-2.87991],[-79.00874,-2.88025],[-79.01003,-2.88002],[-79.01091,-2.8792],[-79.01142,-2.8793],[-79.0113,-2.87877],[-79.01239,-2.87882],[-79.01246,-2.87838],[-79.0134,-2.87874],[-79.0137,-2.8781],[-79.01571,-2.87833],[-79.01669,-2.87766],[-79.01718,-2.8781],[-79.01742,-2.87774],[-79.01827,-2.87807],[-79.0187,-2.87781],[-79.01947,-2.87857],[-79.02083,-2.87873],[-79.02094,-2.87927],[-79.02172,-2.87872],[-79.02351,-2.87923],[-79.02426,-2.87884],[-79.02446,-2.87925],[-79.02783,-2.87666],[-79.02848,-2.87679],[-79.02826,-2.87628],[-79.02876,-2.87621],[-79.02849,-2.87575],[-79.02899,-2.87414],[-79.02868,-2.87174],[-79.02915,-2.87003],[-79.03044,-2.86882],[-79.03076,-2.8662],[-79.03147,-2.86435],[-79.03289,-2.86242],[-79.03358,-2.86008],[-79.03412,-2.86026],[-79.0341,-2.86064],[-79.03501,-2.86001],[-79.03513,-2.86086],[-79.03977,-2.86152],[-79.04033,-2.86069],[-79.04234,-2.86266],[-79.03904,-2.86309],[-79.04055,-2.86658],[-79.03972,-2.86716],[-79.04075,-2.86823],[-79.03881,-2.86986],[-79.03698,-2.87027],[-79.03859,-2.87135],[-79.04086,-2.87507],[-79.0415,-2.87538],[-79.04116,-2.87604],[-79.04168,-2.87714],[-79.04129,-2.87714],[-79.04099,-2.87812],[-79.04113,-2.87916],[-79.04394,-2.87873],[-79.04597,-2.87712],[-79.04694,-2.87495],[-79.04709,-2.87293],[-79.04778,-2.87279],[-79.0479,-2.87196],[-79.05032,-2.87249],[-79.05056,-2.87159],[-79.05135,-2.87114],[-79.05144,-2.87],[-79.05207,-2.86966],[-79.05186,-2.86919],[-79.05234,-2.86914],[-79.05208,-2.86867],[-79.05253,-2.86811],[-79.05194,-2.86801],[-79.05213,-2.86658],[-79.05257,-2.86675],[-79.05308,-2.8657],[-79.05476,-2.86544],[-79.05568,-2.86364],[-79.05753,-2.86347],[-79.05854,-2.86266],[-79.05849,-2.86226],[-79.05887,-2.86229],[-79.05866,-2.86174],[-79.05912,-2.86168],[-79.05914,-2.86115],[-79.05782,-2.861],[-79.05779,-2.86039],[-79.05828,-2.85956],[-79.05925,-2.85955],[-79.06007,-2.85901],[-79.06068,-2.85839],[-79.06032,-2.85783],[-79.06185,-2.85682],[-79.06144,-2.85654],[-79.06207,-2.85554],[-79.06165,-2.8549],[-79.0624,-2.85461],[-79.06302,-2.85364],[-79.06354,-2.85153],[-79.06456,-2.85103],[-79.06454,-2.84762],[-79.06522,-2.84593],[-79.06503,-2.84434],[-79.06603,-2.84182],[-79.06478,-2.83983],[-79.06378,-2.83979],[-79.06332,-2.83834],[-79.0624,-2.83762],[-79.06216,-2.83473],[-79.06368,-2.83263],[-79.06503,-2.83166],[-79.0658,-2.83022],[-79.06762,-2.82915],[-79.06824,-2.82614],[-79.06971,-2.82641],[-79.06932,-2.82511],[-79.07008,-2.82284],[-79.0698,-2.82168],[-79.0703,-2.82105],[-79.06981,-2.81936],[-79.06903,-2.8185],[-79.06981,-2.8157],[-79.07042,-2.81581],[-79.07121,-2.81517],[-79.07054,-2.81424],[-79.07147,-2.81294],[-79.07097,-2.81279],[-79.07046,-2.81095],[-79.07116,-2.80948],[-79.07103,-2.80808],[-79.07056,-2.80658],[-79.06944,-2.80588],[-79.07084,-2.80425],[-79.07226,-2.80123],[-79.07124,-2.80017],[-79.07057,-2.8006],[-79.06903,-2.80039],[-79.06953,-2.79928],[-79.06938,-2.79677],[-79.06461,-2.79439],[-79.06339,-2.7942]]]}},{"type":"Feature","properties":{"unidadId":"tarqui","nombreOficial":"TARQUI","codigoDPA":"010168","codigoCanton":"0101","codigoProvincia":"01","cantonOficial":"CUENCA","provinciaOficial":"AZUAY","tipoOficial":"PARROQUIA RURAL","resolucion":"parroquia","tipo":"rural","anioDPA":"2024","superficieKm2":150.841,"superficieCalculadaEn":"EPSG:32717 sobre la geometria COMPLETA, antes de simplificar","puntosOriginales":13584,"puntosSimplificados":341,"verificado":true},"geometry":{"type":"Polygon","coordinates":[[[-79.0564,-2.95733],[-79.05589,-2.95782],[-79.05452,-2.95762],[-79.05443,-2.95835],[-79.05298,-2.95884],[-79.05207,-2.96045],[-79.05073,-2.9604],[-79.04931,-2.96194],[-79.04833,-2.96207],[-79.04714,-2.96373],[-79.04361,-2.96313],[-79.04238,-2.96204],[-79.04208,-2.96117],[-79.0402,-2.9614],[-79.03984,-2.96271],[-79.03852,-2.96448],[-79.0382,-2.96622],[-79.03728,-2.96731],[-79.03717,-2.96666],[-79.03613,-2.96569],[-79.03201,-2.96579],[-79.03078,-2.96524],[-79.02492,-2.96713],[-79.02288,-2.96885],[-79.01943,-2.96816],[-79.01891,-2.97007],[-79.01785,-2.97104],[-79.01759,-2.97084],[-79.01554,-2.97234],[-79.0131,-2.97286],[-79.00981,-2.96846],[-79.00869,-2.96886],[-79.00882,-2.96629],[-79.00843,-2.9658],[-79.00606,-2.96611],[-79.00495,-2.96528],[-79.00439,-2.96407],[-79.00486,-2.96288],[-79.00581,-2.96267],[-79.00226,-2.96027],[-79.00166,-2.96085],[-79.00342,-2.96531],[-79.00006,-2.96752],[-78.99716,-2.96859],[-78.99513,-2.96825],[-78.99357,-2.96942],[-78.99241,-2.97134],[-78.99044,-2.97216],[-78.98773,-2.97122],[-78.98677,-2.97219],[-78.98471,-2.9726],[-78.98403,-2.97364],[-78.98248,-2.97322],[-78.98038,-2.97409],[-78.97788,-2.9737],[-78.97693,-2.97604],[-78.97401,-2.97737],[-78.97363,-2.97854],[-78.97296,-2.97845],[-78.97239,-2.97905],[-78.97168,-2.98091],[-78.96707,-2.98148],[-78.96352,-2.98295],[-78.96166,-2.98424],[-78.96131,-2.98508],[-78.96056,-2.98508],[-78.96046,-2.9857],[-78.95933,-2.98678],[-78.95296,-2.98846],[-78.95024,-2.98816],[-78.95026,-2.9896],[-78.95109,-2.99086],[-78.95136,-2.9934],[-78.9525,-2.99434],[-78.95337,-2.99583],[-78.95361,-2.99881],[-78.95428,-2.9998],[-78.95413,-3.0006],[-78.95479,-3.00188],[-78.95437,-3.00413],[-78.95567,-3.00546],[-78.95556,-3.0092],[-78.95678,-3.01109],[-78.95733,-3.01409],[-78.95573,-3.02001],[-78.95603,-3.02189],[-78.95689,-3.02367],[-78.95658,-3.02522],[-78.96034,-3.02796],[-78.96148,-3.02779],[-78.96411,-3.03011],[-78.96493,-3.03137],[-78.96488,-3.03268],[-78.96555,-3.0336],[-78.96571,-3.0371],[-78.9664,-3.03764],[-78.96766,-3.04094],[-78.9693,-3.03995],[-78.97136,-3.04036],[-78.97453,-3.03992],[-78.97571,-3.04169],[-78.97733,-3.0428],[-78.97782,-3.04531],[-78.9774,-3.04651],[-78.97848,-3.04851],[-78.97782,-3.04991],[-78.97805,-3.05037],[-78.9793,-3.05081],[-78.98388,-3.04918],[-78.98561,-3.04678],[-78.98876,-3.0471],[-78.99201,-3.04585],[-78.99515,-3.04561],[-78.99846,-3.04615],[-78.99996,-3.04486],[-79.00048,-3.04381],[-79.00344,-3.04223],[-79.00603,-3.04208],[-79.00725,-3.04138],[-79.00993,-3.04114],[-79.01052,-3.04143],[-79.01079,-3.04026],[-79.01206,-3.03952],[-79.02069,-3.04352],[-79.02327,-3.03974],[-79.0253,-3.03915],[-79.02649,-3.03978],[-79.02984,-3.03981],[-79.03069,-3.04072],[-79.03438,-3.04098],[-79.03573,-3.04056],[-79.03784,-3.04243],[-79.04424,-3.04336],[-79.04445,-3.04385],[-79.04668,-3.04338],[-79.05271,-3.03762],[-79.05362,-3.03715],[-79.05677,-3.03722],[-79.05895,-3.03631],[-79.06079,-3.03457],[-79.05914,-3.03296],[-79.05736,-3.02926],[-79.05525,-3.02764],[-79.05417,-3.0256],[-79.05286,-3.02492],[-79.05085,-3.0208],[-79.05729,-3.01614],[-79.05927,-3.01637],[-79.06164,-3.01952],[-79.06547,-3.02199],[-79.06852,-3.02537],[-79.07096,-3.02679],[-79.07284,-3.02875],[-79.07493,-3.02701],[-79.07581,-3.02539],[-79.07723,-3.02664],[-79.07808,-3.02835],[-79.08124,-3.03228],[-79.08152,-3.03391],[-79.08406,-3.03501],[-79.08331,-3.03406],[-79.0823,-3.02947],[-79.07817,-3.02378],[-79.07622,-3.02167],[-79.07389,-3.02073],[-79.07298,-3.0193],[-79.07172,-3.01899],[-79.07069,-3.01925],[-79.069,-3.0159],[-79.06814,-3.01202],[-79.07363,-3.01105],[-79.08805,-3.01437],[-79.09006,-3.01662],[-79.09494,-3.01873],[-79.09729,-3.01883],[-79.10002,-3.01975],[-79.10542,-3.01931],[-79.10793,-3.01973],[-79.11128,-3.02212],[-79.11326,-3.02407],[-79.11398,-3.02543],[-79.11517,-3.02437],[-79.11671,-3.02386],[-79.11773,-3.02238],[-79.11856,-3.02336],[-79.11996,-3.02405],[-79.12054,-3.02385],[-79.12115,-3.02433],[-79.12202,-3.0238],[-79.12228,-3.02474],[-79.12326,-3.02561],[-79.12474,-3.02587],[-79.12495,-3.02632],[-79.12629,-3.02627],[-79.12807,-3.02749],[-79.13124,-3.02827],[-79.13214,-3.02757],[-79.13353,-3.02735],[-79.13487,-3.02561],[-79.13819,-3.0259],[-79.13988,-3.02438],[-79.13998,-3.02369],[-79.14046,-3.02371],[-79.14055,-3.0228],[-79.14282,-3.0227],[-79.14384,-3.02405],[-79.1452,-3.02468],[-79.14553,-3.02577],[-79.14712,-3.02644],[-79.14715,-3.02701],[-79.1477,-3.02735],[-79.1484,-3.02724],[-79.14873,-3.02782],[-79.1514,-3.02827],[-79.1543,-3.02771],[-79.15556,-3.03097],[-79.15635,-3.03208],[-79.15772,-3.0329],[-79.16059,-3.03388],[-79.16834,-3.03434],[-79.17196,-3.03525],[-79.17479,-3.0353],[-79.17575,-3.03475],[-79.17697,-3.03488],[-79.18094,-3.03384],[-79.18097,-3.02842],[-79.18409,-3.029],[-79.18708,-3.02812],[-79.18818,-3.02964],[-79.19016,-3.03006],[-79.1928,-3.03009],[-79.19475,-3.02936],[-79.19566,-3.03109],[-79.19662,-3.03197],[-79.19734,-3.03185],[-79.19821,-3.03254],[-79.20035,-3.03251],[-79.20164,-3.03152],[-79.20242,-3.02985],[-79.20491,-3.02789],[-79.20627,-3.02556],[-79.20938,-3.02448],[-79.21175,-3.02426],[-79.21371,-3.02204],[-79.21408,-3.02042],[-79.21034,-3.019],[-79.20943,-3.01916],[-79.20792,-3.01698],[-79.20089,-3.01844],[-79.19819,-3.01768],[-79.19623,-3.01569],[-79.18357,-3.01345],[-79.18187,-3.0121],[-79.17266,-3.0083],[-79.17071,-3.00704],[-79.17036,-3.00731],[-79.16765,-3.00674],[-79.16412,-3.00351],[-79.15977,-3.00213],[-79.15779,-2.99994],[-79.15445,-2.99893],[-79.1532,-2.99751],[-79.15151,-2.99702],[-79.15008,-2.99767],[-79.14867,-2.99556],[-79.1478,-2.99568],[-79.14735,-2.99622],[-79.14618,-2.99608],[-79.14527,-2.99494],[-79.1433,-2.99397],[-79.14199,-2.99252],[-79.14105,-2.99304],[-79.14015,-2.99293],[-79.13733,-2.99117],[-79.13578,-2.99144],[-79.13357,-2.99084],[-79.12979,-2.99094],[-79.12879,-2.99161],[-79.12806,-2.99094],[-79.12679,-2.99121],[-79.12444,-2.99033],[-79.12334,-2.98913],[-79.12275,-2.99014],[-79.12033,-2.99086],[-79.1198,-2.99041],[-79.12013,-2.98944],[-79.11771,-2.98855],[-79.11535,-2.98928],[-79.11385,-2.98897],[-79.11326,-2.98948],[-79.11271,-2.98826],[-79.11071,-2.9878],[-79.11022,-2.98803],[-79.1091,-2.98642],[-79.10714,-2.98598],[-79.10658,-2.98495],[-79.10397,-2.98367],[-79.10178,-2.98129],[-79.09908,-2.9804],[-79.09833,-2.97939],[-79.09623,-2.97857],[-79.09513,-2.97865],[-79.09451,-2.97782],[-79.09357,-2.97773],[-79.09354,-2.97719],[-79.09244,-2.97661],[-79.0919,-2.97521],[-79.09139,-2.97541],[-79.09008,-2.97412],[-79.08848,-2.97387],[-79.08882,-2.97248],[-79.08778,-2.97199],[-79.08632,-2.96962],[-79.08442,-2.96983],[-79.08392,-2.9703],[-79.08298,-2.97003],[-79.08216,-2.97068],[-79.08104,-2.96898],[-79.08031,-2.96844],[-79.07982,-2.96889],[-79.07843,-2.96761],[-79.07626,-2.96766],[-79.07295,-2.96659],[-79.07221,-2.96698],[-79.07138,-2.9663],[-79.07051,-2.96669],[-79.06745,-2.96643],[-79.06589,-2.96438],[-79.06587,-2.9637],[-79.06423,-2.96405],[-79.06206,-2.96336],[-79.06139,-2.96392],[-79.06143,-2.96476],[-79.06065,-2.96389],[-79.05984,-2.96406],[-79.0596,-2.96209],[-79.05994,-2.961],[-79.05878,-2.96044],[-79.05812,-2.95955],[-79.05816,-2.95853],[-79.0564,-2.95733]]]}},{"type":"Feature","properties":{"unidadId":"turi","nombreOficial":"TURI","codigoDPA":"010169","codigoCanton":"0101","codigoProvincia":"01","cantonOficial":"CUENCA","provinciaOficial":"AZUAY","tipoOficial":"PARROQUIA RURAL","resolucion":"parroquia","tipo":"rural","anioDPA":"2024","superficieKm2":25.899,"superficieCalculadaEn":"EPSG:32717 sobre la geometria COMPLETA, antes de simplificar","puntosOriginales":2785,"puntosSimplificados":98,"verificado":true},"geometry":{"type":"Polygon","coordinates":[[[-79.00882,-2.91974],[-79.00448,-2.91978],[-79.00071,-2.92173],[-78.99693,-2.92077],[-78.99707,-2.92207],[-78.99674,-2.92263],[-78.9959,-2.92233],[-78.99551,-2.92324],[-78.99324,-2.92283],[-78.99053,-2.92076],[-78.99144,-2.92285],[-78.99068,-2.92256],[-78.99095,-2.92326],[-78.99199,-2.92478],[-78.99348,-2.9259],[-78.99271,-2.92644],[-78.99373,-2.92834],[-78.99512,-2.92945],[-78.99502,-2.92989],[-78.99609,-2.9311],[-78.99415,-2.93217],[-78.99267,-2.93432],[-78.99296,-2.93674],[-78.9961,-2.93916],[-78.99419,-2.94362],[-78.99434,-2.94657],[-78.99613,-2.95105],[-78.99609,-2.95201],[-79.00025,-2.95306],[-79.00096,-2.95473],[-79.0005,-2.95673],[-79.00111,-2.96016],[-79.00185,-2.96084],[-79.00244,-2.96027],[-79.00581,-2.96267],[-79.00486,-2.96288],[-79.00439,-2.96407],[-79.00495,-2.96528],[-79.00606,-2.96611],[-79.00843,-2.9658],[-79.00882,-2.96629],[-79.00869,-2.96886],[-79.00981,-2.96846],[-79.0131,-2.97286],[-79.01554,-2.97234],[-79.01759,-2.97084],[-79.01785,-2.97104],[-79.01891,-2.97007],[-79.01943,-2.96816],[-79.02288,-2.96885],[-79.02492,-2.96713],[-79.03078,-2.96524],[-79.03201,-2.96579],[-79.03613,-2.96569],[-79.03717,-2.96666],[-79.03728,-2.96731],[-79.0382,-2.96622],[-79.03852,-2.96448],[-79.03984,-2.96271],[-79.0402,-2.9614],[-79.04208,-2.96117],[-79.04278,-2.96254],[-79.04383,-2.96323],[-79.04742,-2.9636],[-79.04837,-2.96207],[-79.04672,-2.96003],[-79.04669,-2.95934],[-79.04812,-2.95772],[-79.04792,-2.957],[-79.04912,-2.95613],[-79.04882,-2.95358],[-79.04751,-2.95296],[-79.04561,-2.94855],[-79.04218,-2.94667],[-79.04265,-2.94355],[-79.04468,-2.94183],[-79.04531,-2.93873],[-79.04432,-2.93808],[-79.04362,-2.93873],[-79.04314,-2.93866],[-79.04335,-2.93724],[-79.04184,-2.93523],[-79.04069,-2.93619],[-79.03998,-2.9357],[-79.03948,-2.93366],[-79.03998,-2.93212],[-79.03916,-2.93258],[-79.03765,-2.93254],[-79.0361,-2.92805],[-79.03504,-2.92723],[-79.0352,-2.92677],[-79.03569,-2.9268],[-79.0372,-2.92564],[-79.03698,-2.92463],[-79.02978,-2.92335],[-79.02274,-2.92112],[-79.0179,-2.92105],[-79.00882,-2.91974]]]}},{"type":"Feature","properties":{"unidadId":"el-valle","nombreOficial":"VALLE","codigoDPA":"010170","codigoCanton":"0101","codigoProvincia":"01","cantonOficial":"CUENCA","provinciaOficial":"AZUAY","tipoOficial":"PARROQUIA RURAL","resolucion":"parroquia","tipo":"rural","anioDPA":"2024","superficieKm2":44.347,"superficieCalculadaEn":"EPSG:32717 sobre la geometria COMPLETA, antes de simplificar","puntosOriginales":5508,"puntosSimplificados":152,"verificado":true},"geometry":{"type":"Polygon","coordinates":[[[-78.96005,-2.90352],[-78.95666,-2.90611],[-78.95384,-2.90623],[-78.95469,-2.9072],[-78.95453,-2.90771],[-78.95322,-2.90755],[-78.94975,-2.9099],[-78.94819,-2.91197],[-78.94813,-2.91368],[-78.94674,-2.9156],[-78.94538,-2.91573],[-78.94457,-2.91689],[-78.94295,-2.91753],[-78.94318,-2.92078],[-78.93983,-2.92207],[-78.93811,-2.92333],[-78.93868,-2.9279],[-78.93577,-2.9289],[-78.93495,-2.92868],[-78.93444,-2.92917],[-78.93328,-2.92907],[-78.93284,-2.92804],[-78.93306,-2.92738],[-78.93216,-2.92707],[-78.93098,-2.92524],[-78.93078,-2.92571],[-78.93116,-2.92812],[-78.93354,-2.93272],[-78.93521,-2.93357],[-78.9356,-2.93491],[-78.93788,-2.93593],[-78.9367,-2.93796],[-78.93711,-2.93841],[-78.93673,-2.93892],[-78.93711,-2.93995],[-78.93641,-2.94059],[-78.93731,-2.94077],[-78.93953,-2.94004],[-78.94078,-2.94042],[-78.94145,-2.94122],[-78.94137,-2.94265],[-78.94202,-2.94337],[-78.94064,-2.94842],[-78.9397,-2.94842],[-78.93956,-2.94879],[-78.94201,-2.95274],[-78.94213,-2.95432],[-78.94366,-2.95598],[-78.94345,-2.95742],[-78.94405,-2.95833],[-78.94265,-2.95945],[-78.94327,-2.96057],[-78.9446,-2.96144],[-78.94425,-2.96208],[-78.94507,-2.96644],[-78.94413,-2.96854],[-78.94494,-2.96961],[-78.94654,-2.97021],[-78.94695,-2.97128],[-78.94936,-2.97323],[-78.94906,-2.97546],[-78.95018,-2.97615],[-78.95133,-2.97841],[-78.94979,-2.98096],[-78.9516,-2.98303],[-78.95075,-2.98577],[-78.95121,-2.98726],[-78.95024,-2.98816],[-78.95296,-2.98846],[-78.95933,-2.98678],[-78.96046,-2.9857],[-78.96056,-2.98508],[-78.96131,-2.98508],[-78.96163,-2.98427],[-78.9629,-2.98331],[-78.9652,-2.98224],[-78.96707,-2.98148],[-78.97168,-2.98091],[-78.97239,-2.97905],[-78.97296,-2.97845],[-78.97363,-2.97854],[-78.97401,-2.97737],[-78.97693,-2.97604],[-78.97788,-2.9737],[-78.98038,-2.97409],[-78.98248,-2.97322],[-78.98403,-2.97364],[-78.98471,-2.9726],[-78.98677,-2.97219],[-78.98773,-2.97122],[-78.99044,-2.97216],[-78.99241,-2.97134],[-78.99357,-2.96942],[-78.99511,-2.96826],[-78.99623,-2.96864],[-78.99806,-2.96832],[-79.00008,-2.96751],[-79.00342,-2.96531],[-79.00057,-2.95851],[-79.00051,-2.9566],[-79.00097,-2.95512],[-79.00073,-2.95393],[-79.00018,-2.95299],[-78.99615,-2.95209],[-78.99613,-2.95105],[-78.99434,-2.94657],[-78.9942,-2.94357],[-78.99538,-2.9415],[-78.9961,-2.93916],[-78.99296,-2.93674],[-78.99268,-2.93416],[-78.99375,-2.93323],[-78.99415,-2.93217],[-78.99609,-2.9311],[-78.99502,-2.92989],[-78.99512,-2.92945],[-78.99373,-2.92834],[-78.99271,-2.92644],[-78.99348,-2.9259],[-78.9919,-2.92468],[-78.99066,-2.92262],[-78.99144,-2.92288],[-78.99053,-2.92076],[-78.9917,-2.92156],[-78.99065,-2.91979],[-78.99186,-2.91965],[-78.99185,-2.91831],[-78.9887,-2.91728],[-78.98933,-2.9165],[-78.98742,-2.91562],[-78.98163,-2.90963],[-78.98139,-2.91037],[-78.98175,-2.91096],[-78.98072,-2.9132],[-78.97924,-2.914],[-78.97836,-2.9135],[-78.97792,-2.91563],[-78.97751,-2.91511],[-78.97557,-2.91469],[-78.97468,-2.91407],[-78.9722,-2.91416],[-78.96908,-2.91098],[-78.96852,-2.91199],[-78.96584,-2.91241],[-78.96362,-2.91071],[-78.96281,-2.90958],[-78.96213,-2.90758],[-78.96123,-2.90654],[-78.96103,-2.90533],[-78.95955,-2.90472],[-78.96042,-2.90366],[-78.96005,-2.90352]]]}},{"type":"Feature","properties":{"unidadId":"victoria-del-portete","nombreOficial":"VICTORIA DEL PORTETE","codigoDPA":"010171","codigoCanton":"0101","codigoProvincia":"01","cantonOficial":"CUENCA","provinciaOficial":"AZUAY","tipoOficial":"PARROQUIA RURAL","resolucion":"parroquia","tipo":"rural","anioDPA":"2024","superficieKm2":196.089,"superficieCalculadaEn":"EPSG:32717 sobre la geometria COMPLETA, antes de simplificar","puntosOriginales":7042,"puntosSimplificados":276,"verificado":true},"geometry":{"type":"Polygon","coordinates":[[[-79.06815,-3.01202],[-79.06896,-3.01579],[-79.07064,-3.01919],[-79.07298,-3.0193],[-79.07389,-3.02073],[-79.07622,-3.02167],[-79.07817,-3.02378],[-79.0823,-3.02947],[-79.08331,-3.03406],[-79.08406,-3.03501],[-79.08152,-3.03391],[-79.08124,-3.03228],[-79.07808,-3.02835],[-79.07723,-3.02664],[-79.07581,-3.02539],[-79.07493,-3.02701],[-79.07284,-3.02875],[-79.07096,-3.02679],[-79.06852,-3.02537],[-79.06547,-3.02199],[-79.06164,-3.01952],[-79.05922,-3.01634],[-79.05729,-3.01614],[-79.05086,-3.02079],[-79.05286,-3.02492],[-79.05417,-3.0256],[-79.05525,-3.02764],[-79.05736,-3.02926],[-79.05914,-3.03296],[-79.06079,-3.03457],[-79.05895,-3.03631],[-79.05677,-3.03722],[-79.05362,-3.03715],[-79.05271,-3.03762],[-79.04668,-3.04338],[-79.0445,-3.04373],[-79.04798,-3.05235],[-79.04738,-3.05287],[-79.04635,-3.0556],[-79.04524,-3.0556],[-79.04564,-3.05679],[-79.04482,-3.05815],[-79.04323,-3.05939],[-79.04161,-3.05929],[-79.04093,-3.05994],[-79.03338,-3.07204],[-79.0332,-3.0734],[-79.03121,-3.07451],[-79.03102,-3.07612],[-79.02931,-3.07938],[-79.0298,-3.08106],[-79.02884,-3.08363],[-79.02913,-3.08482],[-79.02872,-3.08652],[-79.0292,-3.08894],[-79.03129,-3.09007],[-79.03479,-3.09092],[-79.03576,-3.09077],[-79.03795,-3.09357],[-79.03907,-3.09941],[-79.03985,-3.10025],[-79.03856,-3.10193],[-79.04043,-3.1081],[-79.03997,-3.11035],[-79.04119,-3.11353],[-79.04371,-3.1135],[-79.04812,-3.11781],[-79.05043,-3.11795],[-79.05195,-3.11922],[-79.05267,-3.11863],[-79.05346,-3.11968],[-79.05281,-3.12067],[-79.05323,-3.12083],[-79.05299,-3.12167],[-79.05352,-3.12279],[-79.05429,-3.12357],[-79.05503,-3.12338],[-79.0547,-3.12528],[-79.05497,-3.12757],[-79.05698,-3.12806],[-79.05847,-3.13034],[-79.05944,-3.13414],[-79.05907,-3.13514],[-79.05942,-3.13662],[-79.05894,-3.1374],[-79.05923,-3.13858],[-79.05867,-3.13937],[-79.05907,-3.14148],[-79.05908,-3.15097],[-79.08522,-3.13753],[-79.08555,-3.13582],[-79.08691,-3.13561],[-79.0866,-3.1334],[-79.08725,-3.13185],[-79.08707,-3.13081],[-79.08753,-3.12931],[-79.08721,-3.12863],[-79.08804,-3.12806],[-79.08779,-3.12719],[-79.08892,-3.12733],[-79.08929,-3.12805],[-79.08922,-3.12713],[-79.08965,-3.12721],[-79.09007,-3.12596],[-79.09042,-3.1259],[-79.09049,-3.12635],[-79.09136,-3.12528],[-79.09202,-3.126],[-79.09367,-3.12506],[-79.09402,-3.12417],[-79.09538,-3.12308],[-79.09624,-3.1203],[-79.09786,-3.11901],[-79.09915,-3.11892],[-79.09906,-3.11734],[-79.10048,-3.11655],[-79.10019,-3.11537],[-79.10188,-3.1148],[-79.10242,-3.1134],[-79.10313,-3.11357],[-79.10385,-3.1131],[-79.10483,-3.10928],[-79.10578,-3.10967],[-79.10781,-3.10825],[-79.10906,-3.10833],[-79.10961,-3.10644],[-79.11146,-3.10563],[-79.11294,-3.10592],[-79.11414,-3.1054],[-79.11508,-3.10784],[-79.11609,-3.10902],[-79.12018,-3.10665],[-79.12201,-3.10732],[-79.1271,-3.11165],[-79.12823,-3.11134],[-79.12862,-3.11195],[-79.12991,-3.11229],[-79.13468,-3.1112],[-79.13565,-3.11211],[-79.13686,-3.11201],[-79.13831,-3.11275],[-79.14038,-3.11479],[-79.14103,-3.1147],[-79.14396,-3.11609],[-79.14449,-3.11546],[-79.14563,-3.11593],[-79.14742,-3.11574],[-79.15103,-3.11297],[-79.15492,-3.11092],[-79.15599,-3.10982],[-79.15796,-3.10983],[-79.15977,-3.1109],[-79.16223,-3.1102],[-79.16323,-3.10929],[-79.1644,-3.10946],[-79.1652,-3.1105],[-79.16611,-3.11047],[-79.16729,-3.1089],[-79.16856,-3.1059],[-79.16982,-3.10459],[-79.1712,-3.09974],[-79.17407,-3.09877],[-79.17543,-3.09773],[-79.17661,-3.09599],[-79.17835,-3.09494],[-79.1791,-3.0947],[-79.18008,-3.09507],[-79.18069,-3.09406],[-79.18347,-3.09342],[-79.18431,-3.09083],[-79.18579,-3.08927],[-79.18943,-3.08775],[-79.19109,-3.08617],[-79.19262,-3.08557],[-79.19619,-3.08305],[-79.19865,-3.08068],[-79.20301,-3.08174],[-79.20394,-3.08019],[-79.2042,-3.07772],[-79.20638,-3.07515],[-79.20924,-3.073],[-79.21061,-3.07075],[-79.2129,-3.07031],[-79.21785,-3.0705],[-79.21845,-3.07074],[-79.21887,-3.07208],[-79.22132,-3.0693],[-79.22467,-3.06815],[-79.22551,-3.06827],[-79.22639,-3.06925],[-79.22695,-3.06779],[-79.2284,-3.06672],[-79.22823,-3.06531],[-79.23369,-3.06481],[-79.2371,-3.064],[-79.24076,-3.05839],[-79.24569,-3.05373],[-79.24968,-3.05101],[-79.22,-3.0277],[-79.22297,-3.02278],[-79.21408,-3.02042],[-79.21368,-3.02209],[-79.21175,-3.02426],[-79.20748,-3.025],[-79.20578,-3.02599],[-79.20491,-3.02789],[-79.2024,-3.02988],[-79.20164,-3.03152],[-79.20075,-3.03237],[-79.19826,-3.03255],[-79.19734,-3.03185],[-79.19662,-3.03197],[-79.19566,-3.03109],[-79.19475,-3.02936],[-79.1928,-3.03009],[-79.19016,-3.03006],[-79.18818,-3.02964],[-79.18708,-3.02812],[-79.18409,-3.029],[-79.18097,-3.02842],[-79.18094,-3.03384],[-79.17697,-3.03488],[-79.17575,-3.03475],[-79.17479,-3.0353],[-79.17253,-3.03528],[-79.1638,-3.0338],[-79.16059,-3.03388],[-79.15772,-3.0329],[-79.15635,-3.03208],[-79.15556,-3.03097],[-79.1543,-3.02771],[-79.1514,-3.02827],[-79.14873,-3.02782],[-79.1484,-3.02724],[-79.1477,-3.02735],[-79.14715,-3.02701],[-79.14712,-3.02644],[-79.14553,-3.02577],[-79.1452,-3.02468],[-79.14384,-3.02405],[-79.14282,-3.0227],[-79.14052,-3.02281],[-79.14046,-3.02371],[-79.13998,-3.02369],[-79.13988,-3.02438],[-79.13819,-3.0259],[-79.13487,-3.02561],[-79.13353,-3.02735],[-79.13214,-3.02757],[-79.13114,-3.02826],[-79.12807,-3.02749],[-79.12629,-3.02627],[-79.12495,-3.02632],[-79.12474,-3.02587],[-79.12326,-3.02561],[-79.12228,-3.02474],[-79.12202,-3.0238],[-79.12115,-3.02433],[-79.12054,-3.02385],[-79.11996,-3.02405],[-79.11856,-3.02336],[-79.11773,-3.02238],[-79.11671,-3.02386],[-79.11517,-3.02437],[-79.11398,-3.02543],[-79.11326,-3.02407],[-79.11128,-3.02212],[-79.10801,-3.01976],[-79.10542,-3.01931],[-79.10002,-3.01975],[-79.09729,-3.01883],[-79.09494,-3.01873],[-79.09006,-3.01662],[-79.08805,-3.01437],[-79.07363,-3.01105],[-79.06815,-3.01202]]]}}]}